,user_id,card_index,card_brand,card_type,card_number,expires,cvv,has_chip,cards_issued,credit_limit,acct_open_date,year_pin_last_changed,card_on_dark_web
0,4e98b4b9-f30f-4117-bf0b-49c6b550aba6,0,Visa,Debit,1babcd4449ec29a14074260879c13049,12/2022,623,YES,2,$24295,09/2002,2008,No
1,4e98b4b9-f30f-4117-bf0b-49c6b550aba6,1,Visa,Debit,4a3fd33483704236f3af0d3e5a602f4f,12/2020,393,YES,2,$21968,04/2014,2014,No
2,4e98b4b9-f30f-4117-bf0b-49c6b550aba6,2,Visa,Debit,ea724c282ec208a9c826c2c6bc33b9c7,02/2024,719,YES,2,$46414,07/2003,2004,No
3,4e98b4b9-f30f-4117-bf0b-49c6b550aba6,3,Visa,Credit,e24a12553d70b3b18e2d4b3162d82e13,08/2024,693,NO,1,$12400,01/2003,2012,No
4,4e98b4b9-f30f-4117-bf0b-49c6b550aba6,4,Mastercard,Debit (Prepaid),65f39625b0df0d5f38860ab79ed2e713,03/2009,075,YES,1,$28,09/2008,2009,No
5,8e283e3b-fb65-4d2a-9c7e-b515c94d8402,0,Visa,Credit,e7d5a3485fd2aee05c10414896bb6d0d,09/2003,736,YES,1,$27500,09/2003,2012,No
6,8e283e3b-fb65-4d2a-9c7e-b515c94d8402,1,Visa,Debit,5c160e11298d7de3dd22241d75a028ad,07/2022,972,YES,2,$28508,02/2011,2011,No
7,8e283e3b-fb65-4d2a-9c7e-b515c94d8402,2,Mastercard,Debit,dd54d84b4393b53220133e962ed3c5b5,06/2022,048,YES,2,$9022,07/2003,2015,No
8,8e283e3b-fb65-4d2a-9c7e-b515c94d8402,3,Mastercard,Debit (Prepaid),ec66379b6cff4d872fab0f931ffd6a74,11/2020,722,YES,2,$54,06/2010,2015,No
9,8e283e3b-fb65-4d2a-9c7e-b515c94d8402,4,Mastercard,Debit (Prepaid),d19cbfab769eb10b10615c25e31bcbeb,02/2023,908,YES,1,$99,07/2006,2012,No
10,8c9b9223-c41c-4999-9cff-f72b9c4bcf7c,0,Mastercard,Debit,c0826424b87ec64e446690c891edea5f,03/2022,677,YES,2,$31599,10/2009,2009,No
11,8c9b9223-c41c-4999-9cff-f72b9c4bcf7c,1,Mastercard,Debit,f91356ef4f91ad3b66a1e2ec980815b5,07/2023,258,NO,2,$27480,03/2002,2008,No
12,8c9b9223-c41c-4999-9cff-f72b9c4bcf7c,2,Mastercard,Debit,c1ae0671d9b01510603ef99b7600dccb,02/2020,992,YES,1,$26743,03/2019,2019,No
13,8c9b9223-c41c-4999-9cff-f72b9c4bcf7c,3,Visa,Debit,69f245be2e5e996161bc397c0c520656,06/2020,928,YES,1,$31463,04/2014,2014,No
14,8c9b9223-c41c-4999-9cff-f72b9c4bcf7c,4,Mastercard,Debit,185e4bc43a81c0e208bbf1234675ccc7,06/2024,360,YES,1,$16055,09/2009,2009,No
15,acab43d2-f982-47a1-9b4f-d018d069ae16,0,Visa,Credit,a872e112be0cf178436d3715b0893be1,05/2015,877,YES,2,$98100,01/2011,2011,No
16,acab43d2-f982-47a1-9b4f-d018d069ae16,1,Mastercard,Debit (Prepaid),b3a9cc06f478345e97c5a9d20ccaeb85,06/2020,448,YES,1,$62,02/2007,2007,No
17,acab43d2-f982-47a1-9b4f-d018d069ae16,2,Visa,Debit,aa66dd31066dcd522b2865a25c6e437a,06/2022,053,YES,1,$132439,11/2010,2011,No
18,acab43d2-f982-47a1-9b4f-d018d069ae16,3,Visa,Debit,9fe8cd32c00b7aa82ee825640fcf5bd4,06/2020,649,YES,1,$125723,10/2009,2010,No
19,80884e14-f347-48c3-8848-768e4c33d693,0,Mastercard,Debit,07914e2a2ee2f81121b08809c416ea3b,01/2022,886,YES,1,$34900,12/1999,2012,No
20,709c2790-8f93-4e27-83fb-dad9ea3647c3,0,Visa,Credit,d201d928eddc201a61b1a5f634b36fc1,09/2021,074,YES,2,$9900,01/2002,2019,No
21,709c2790-8f93-4e27-83fb-dad9ea3647c3,1,Visa,Debit,a956c3879b4af359573f4cecf96b583a,07/2013,865,YES,2,$21587,09/2007,2007,No
22,709c2790-8f93-4e27-83fb-dad9ea3647c3,2,Visa,Credit,80e20a7b7f05acda000d01ae683e2d35,11/2022,922,YES,2,$15800,11/2005,2011,No
23,fddc40fe-3311-4cb4-aaf4-44f0c4085ac7,0,Mastercard,Debit,1c355c59abbb710e38ab0e43a0e7c674,04/2022,861,YES,1,$29964,06/2005,2014,No
24,fddc40fe-3311-4cb4-aaf4-44f0c4085ac7,1,Mastercard,Credit,e065aa959d927fe51d7d983c84fe48d9,07/2023,686,YES,2,$11200,09/2010,2010,No
25,fddc40fe-3311-4cb4-aaf4-44f0c4085ac7,2,Mastercard,Debit,bac58b83d818001d2dbef8767032ea18,12/2021,669,NO,2,$26753,10/2014,2014,No
26,f0f1033b-aaa1-4e81-aa02-ed10b788a08d,0,Visa,Debit,e4239b50bb97a9eb15ee4c74c511cc6b,05/2023,689,NO,2,$17480,01/2020,2020,No
27,ca371403-8abe-459b-873b-0aa1e61557a5,0,Mastercard,Debit,d2171b70aaea6d24d503fb1714c23afa,09/2021,396,YES,2,$26546,11/2009,2009,No
28,ca371403-8abe-459b-873b-0aa1e61557a5,1,Mastercard,Debit,100146c7a0790662c71e860bc7e0b898,01/2021,356,YES,1,$23253,09/2017,2017,No
29,ca371403-8abe-459b-873b-0aa1e61557a5,2,Visa,Credit,312dd4c2d3dd2c0161cd98986a758f06,02/2021,497,YES,1,$16100,01/2005,2014,No
30,ca371403-8abe-459b-873b-0aa1e61557a5,3,Visa,Credit,677ac1926ad734293f3ee6fa88a718f8,02/2021,921,YES,2,$8700,01/2012,2012,No
31,ca371403-8abe-459b-873b-0aa1e61557a5,4,Mastercard,Debit,2a055ce74fb831e2ef81b96f0ea9d58b,01/2019,922,YES,1,$29333,05/2012,2012,No
32,eda2429c-2528-4ab0-9ba0-ec0f541433db,0,Mastercard,Debit,032a20d8ef46e3f065004fe7d885d215,07/2024,265,YES,2,$9496,07/2009,2012,No
33,558c8102-cfcb-4434-9b0c-d982335d69f7,0,Visa,Debit,b5d37c07a7fa2cdf1688fed3c9e2c6f3,07/2021,930,YES,1,$25499,02/2020,2020,No
34,558c8102-cfcb-4434-9b0c-d982335d69f7,1,Visa,Debit,198b89c9a8f60d993634d9c70146ea09,02/2020,358,YES,1,$18641,02/2020,2020,No
35,c52853cb-be5a-4bc3-a55f-e0c5e2817d65,0,Visa,Debit,dcee29685cfc67fe087bb23b07a0d67e,05/2023,995,YES,1,$26019,01/2020,2020,No
36,d63abf59-6080-4176-8bfd-7f0cec6db0e7,0,Mastercard,Debit,dec6591459ab8d989865d1207471fbca,01/2021,547,YES,1,$25845,02/2020,2020,No
37,53246cc8-aab3-4799-a2d1-41073007a4b4,0,Visa,Debit,b30854910645bd2d287db40adbf56c69,06/2023,064,YES,2,$2365,01/2007,2009,No
38,53246cc8-aab3-4799-a2d1-41073007a4b4,1,Mastercard,Debit,998d14937ef953d680aaa220e2d7baaa,06/2023,419,YES,2,$18684,07/2006,2017,No
39,53246cc8-aab3-4799-a2d1-41073007a4b4,2,Visa,Credit,959827c5a05cdcbe7014ec4d4d769303,02/2021,364,NO,2,$7400,02/2020,2020,No
40,b5ae0f0d-e43e-4171-90b7-0fbf03a1009d,0,Mastercard,Debit,f24ff5c96668a9343d1d086d11dda047,12/2024,145,YES,2,$4147,12/2008,2016,No
41,baf86d6a-36eb-4021-87ee-35ccce735873,0,Visa,Debit (Prepaid),c2e51cbfa02db89ebbe69a020079c24a,04/2022,385,YES,1,$76,12/2012,2012,No
42,baf86d6a-36eb-4021-87ee-35ccce735873,1,Discover,Credit,470d64ccba728a258d5c09ccef04461e,01/2009,105,NO,1,$4700,12/2008,2014,No
43,baf86d6a-36eb-4021-87ee-35ccce735873,2,Visa,Credit,7983dc2bac183002c29100313cebccaa,06/2021,433,YES,2,$5800,08/2007,2011,No
44,baf86d6a-36eb-4021-87ee-35ccce735873,3,Mastercard,Debit,996debee218f5b0293243681264101e4,03/2024,754,YES,2,$12082,08/2016,2016,No
45,baf86d6a-36eb-4021-87ee-35ccce735873,4,Mastercard,Credit,2588587ac2e46e98e3453ef2245476a0,03/2023,741,NO,2,$6000,06/2002,2010,No
46,baf86d6a-36eb-4021-87ee-35ccce735873,5,Visa,Debit,bc7c501097da6f1649eccc4ceb1cc6cd,11/2009,367,YES,1,$620,02/2002,2014,No
47,58662f47-fa59-493b-9f44-2745858a30f4,0,Mastercard,Debit,da72431e8d333ed3adf5e37cd5920e70,08/2022,879,YES,1,$14499,01/2008,2008,No
48,58662f47-fa59-493b-9f44-2745858a30f4,1,Mastercard,Debit,7ffc441b655a8aef747e5527a223c644,07/2023,457,YES,2,$12332,08/2007,2009,No
49,58662f47-fa59-493b-9f44-2745858a30f4,2,Mastercard,Debit,cf7f9bd52e2511e347dcb0fa621971f1,09/2024,904,YES,1,$18424,08/2013,2013,No
50,58662f47-fa59-493b-9f44-2745858a30f4,3,Visa,Credit,103101f0baf48172b397d061666b2fa0,07/2023,149,NO,1,$15400,08/2003,2008,No
51,58662f47-fa59-493b-9f44-2745858a30f4,4,Visa,Debit,3576a4ade3e696d55f0121563442ec5e,02/2022,136,YES,2,$14548,08/2007,2013,No
52,58662f47-fa59-493b-9f44-2745858a30f4,5,Mastercard,Credit,fdffe577553c08a6638a0574bb966516,12/2016,740,YES,2,$10100,09/2016,2016,No
53,afcb480a-6eb0-4b49-a69c-2fd82950c5c5,0,Discover,Credit,25b04bfc0322a60af8d200db3a6fd49d,04/2011,416,YES,1,$11200,02/2004,2008,No
54,afcb480a-6eb0-4b49-a69c-2fd82950c5c5,1,Mastercard,Debit,2ca92008eb13181c8f017fe9a1bdd41a,10/2024,240,YES,2,$20291,12/2009,2011,No
55,afcb480a-6eb0-4b49-a69c-2fd82950c5c5,2,Visa,Debit,a56e40629a8b66dc19335543ef2b9c4e,08/2018,852,YES,1,$32092,01/2006,2010,No
56,afcb480a-6eb0-4b49-a69c-2fd82950c5c5,3,Mastercard,Debit,2aac73abf6123355f7826b03ec5e938a,02/2020,217,YES,1,$20463,01/2020,2020,No
57,e4198209-e8d0-448a-b3bd-ba7e1fce830f,0,Visa,Debit,847f230819e643394af8aab9dced3f41,08/2022,738,YES,1,$15802,01/2020,2020,No
58,e4198209-e8d0-448a-b3bd-ba7e1fce830f,1,Visa,Debit,1fc2fddff1ffd11c8b904c0bce560a49,02/2020,314,NO,2,$4612,02/2020,2020,No
59,e4198209-e8d0-448a-b3bd-ba7e1fce830f,2,Discover,Credit,b19d4692677e0587fcee9c54d9c67c0b,07/2020,675,YES,2,$19900,01/2020,2020,No
60,4b04dd2f-0107-438c-ae72-2efe638d8dae,0,Mastercard,Debit (Prepaid),7d812661de04c6f2b02c60a93fa91062,10/2020,042,YES,1,$73,02/2000,2012,No
61,4b04dd2f-0107-438c-ae72-2efe638d8dae,1,Mastercard,Debit,0bdae1438f32aa6c1bcd47d01f1825c3,01/2024,024,YES,1,$11858,09/2009,2010,No
62,4b04dd2f-0107-438c-ae72-2efe638d8dae,2,Mastercard,Debit,207acb199804e70746d5f18af8bf9a84,03/2005,749,YES,1,$9664,01/1998,2011,No
63,4b04dd2f-0107-438c-ae72-2efe638d8dae,3,Mastercard,Debit,05ddf779f1d3b8316f492d23d173db5a,06/2020,810,YES,1,$8367,03/2009,2009,No
64,4b04dd2f-0107-438c-ae72-2efe638d8dae,4,Visa,Credit,4b5e3beb88887aa350563b71f25e27ae,06/2022,135,YES,2,$6100,02/2004,2009,No
65,6ccd6f7a-c155-44d3-8eca-54a8c6fb63bd,0,Mastercard,Debit,c345a7edba5684afc5c178fb31a238b4,02/2020,630,YES,3,$9944,02/2020,2020,No
66,6ccd6f7a-c155-44d3-8eca-54a8c6fb63bd,1,Visa,Credit,707273d173403b7405caf8a69176c8e7,01/2020,771,YES,1,$7900,01/2020,2020,No
67,6ccd6f7a-c155-44d3-8eca-54a8c6fb63bd,2,Visa,Credit,3781929afa53296b6121f06eaacd7510,12/2020,201,YES,1,$5600,02/2020,2020,No
68,ae3b668a-e677-4a15-82a7-5f4e7c052778,0,Visa,Debit,d1387ce594c9368b86b041dd194b03e7,08/2023,580,YES,1,$68400,01/2020,2020,No
69,ae3b668a-e677-4a15-82a7-5f4e7c052778,1,Mastercard,Debit,d3256ca91fddd9b5d131ce308abba2bd,04/2023,437,YES,2,$77237,01/2020,2020,No
70,0e0dea55-6c4f-4ea0-af82-c7421015e3a9,0,Visa,Debit,4bdbe072e2422a3dcef7c789c2c639b5,08/2024,701,YES,2,$4488,07/2002,2015,No
71,0e0dea55-6c4f-4ea0-af82-c7421015e3a9,1,Visa,Credit,14f07a4ee969e211423e029b43b1b0af,02/2020,499,YES,2,$12500,11/2014,2014,No
72,d0547a2b-08a1-4fda-a136-2527caaee76f,0,Mastercard,Debit,632253d827d8770187c5a7724398d3d5,12/2020,734,YES,2,$23432,09/2001,2008,No
73,d0547a2b-08a1-4fda-a136-2527caaee76f,1,Amex,Credit,5a2b486d54f9a4008eae8ca568b43249,05/2022,447,YES,2,$8800,05/2005,2011,No
74,04ac53c7-a8db-4233-af11-063e698166c5,0,Mastercard,Credit,f0be69eaf176fec4f7e68b1ae2c34eb9,02/2020,886,YES,2,$12100,02/2020,2020,No
75,4f20b4bf-14d7-4574-99ed-a05f37ac20ed,0,Mastercard,Debit,d400574f95305f4cc042238f20023dbe,02/2020,931,YES,1,$9708,01/2020,2020,No
76,4f20b4bf-14d7-4574-99ed-a05f37ac20ed,1,Amex,Credit,860139965d8def6247f8a99846f680a9,11/2021,683,YES,2,$12000,07/2009,2011,No
77,4f20b4bf-14d7-4574-99ed-a05f37ac20ed,2,Mastercard,Debit,53c0d41db1af2ebdfdb0378461aaf9a6,11/2023,230,YES,1,$11973,03/2012,2012,No
78,d4f21fc1-7893-4195-8a06-4b88d525aac8,0,Mastercard,Debit,f963380641400e07fdcf5c73ebcb59e8,02/2022,658,YES,2,$13601,10/2006,2014,No
79,d4f21fc1-7893-4195-8a06-4b88d525aac8,1,Mastercard,Credit,d9fbfa61eb8410231864e616b816c812,01/2024,849,YES,2,$7800,02/2020,2020,No
80,471aa575-a7a7-4cab-925e-9187fcfe3be2,0,Visa,Debit,fe4cc7256566e9a56f3ffacc12c5a1a0,10/2023,790,YES,2,$17816,08/2008,2016,No
81,47c3ed7d-3e1b-438a-8964-1ff06e994ff6,0,Mastercard,Debit,e532d88f74549bbc107ed21a4f445715,03/2021,625,NO,2,$17707,10/2010,2010,No
82,47c3ed7d-3e1b-438a-8964-1ff06e994ff6,1,Amex,Credit,02585cfdda5508e0f05972b2fe9626bb,11/2020,002,YES,1,$9500,05/2005,2009,No
83,c0226c47-a556-4221-b9e5-c7578f0e98ee,0,Mastercard,Debit,521dcd92808577ca95915e7f564c3b24,01/2022,182,YES,1,$19110,05/2010,2011,No
84,c0226c47-a556-4221-b9e5-c7578f0e98ee,1,Mastercard,Debit,ff6e174cc1403bb1c0b0816f35eb7b1c,08/2023,196,YES,1,$13428,10/2016,2016,No
85,c0226c47-a556-4221-b9e5-c7578f0e98ee,2,Mastercard,Debit,5040b4f7a454c6ab4b4ed57cb606b280,06/2022,043,YES,1,$24608,08/2005,2009,No
86,c0226c47-a556-4221-b9e5-c7578f0e98ee,3,Mastercard,Debit,2adfdc7af3793dcfd7b3609e189f04ac,09/2022,111,YES,1,$13441,01/2008,2011,No
87,5a680c95-73e4-419b-8a9a-adbe8ac9d935,0,Mastercard,Debit (Prepaid),b3a2421010098d9cac172a02d6c3b9b2,02/2020,788,YES,2,$74,01/2020,2020,No
88,bf1864f2-4c78-479b-84ce-9755cefc272a,0,Mastercard,Debit,9e750a6679d4261d91f485d5ed7d4e42,10/2012,674,YES,1,$17872,06/2008,2008,No
89,bf1864f2-4c78-479b-84ce-9755cefc272a,1,Mastercard,Credit,2354ba960ce5c13aabbb8b7b2d3cdaf3,09/2022,425,YES,1,$12900,12/2003,2010,No
90,bf1864f2-4c78-479b-84ce-9755cefc272a,2,Mastercard,Debit,e0768654db1e3a03650e080114f804e9,05/2024,052,YES,2,$25264,03/2006,2020,No
91,bf1864f2-4c78-479b-84ce-9755cefc272a,3,Mastercard,Debit,66226a2e92ef20f5bcfe10cb77da6a86,12/2022,920,YES,2,$20634,03/2005,2007,No
92,e8d8f344-c7f8-4bb3-b6c9-39b386a33a5a,0,Visa,Credit,6a74e8d4194b6c2bf5db78307d741396,04/2007,656,YES,2,$12200,12/2006,2010,No
93,e8d8f344-c7f8-4bb3-b6c9-39b386a33a5a,1,Visa,Credit,aecd4e07f80b6e7386123acb84ffcddd,02/2010,221,YES,2,$5500,01/2008,2008,No
94,a8484eca-b1c2-443e-877e-11968e8b9dc2,0,Visa,Credit,b26e990d73a0cf0cddfac313c80dd252,03/2020,281,NO,2,$6600,02/2020,2020,No
95,a8484eca-b1c2-443e-877e-11968e8b9dc2,1,Mastercard,Debit,33e79d86b69d33a3dec41702775ea8fb,11/2020,890,YES,1,$25815,12/2017,2017,No
96,d23aa267-e34d-4a3f-8871-6b34b6e27aa4,0,Amex,Credit,2d20640c5274d917774d268a4a26460d,06/2021,527,YES,2,$8400,01/2014,2014,No
97,d23aa267-e34d-4a3f-8871-6b34b6e27aa4,1,Mastercard,Debit,5127db859b2d599b1352a4e97838c37e,02/2020,525,YES,1,$21628,03/2001,2008,No
98,d23aa267-e34d-4a3f-8871-6b34b6e27aa4,2,Mastercard,Debit,f2c0b53551ceb574015fc95ea6b29cc8,10/2021,412,YES,1,$24232,07/2009,2009,No
99,3b4acbd8-dddb-48fb-ba4d-b3664e3f880d,0,Mastercard,Debit,458fa857b8ad70333fef7ceac407e18d,11/2023,339,YES,2,$10775,02/2009,2010,No
100,3b4acbd8-dddb-48fb-ba4d-b3664e3f880d,1,Mastercard,Debit (Prepaid),3111182d3435a02e6b9f1e3f97dcb1b6,02/2020,598,YES,2,$105,06/2007,2013,No
101,5efc317d-2d5c-498f-934a-5f8efe52002a,0,Visa,Credit,3eba04ee6ee5563ca6181d13a5d485c7,01/2021,221,NO,2,$7100,11/2010,2010,No
102,5efc317d-2d5c-498f-934a-5f8efe52002a,1,Mastercard,Debit,93c3e4dba9b6a557fce9bcb4aeb35be2,07/2024,951,YES,1,$29351,11/2005,2007,No
103,5efc317d-2d5c-498f-934a-5f8efe52002a,2,Mastercard,Debit,237eb7532b0636e381873b4a74219a99,03/2020,835,YES,2,$15125,04/2008,2012,No
104,5efc317d-2d5c-498f-934a-5f8efe52002a,3,Mastercard,Credit,def04ce94c0d1f327fc916140d14bf70,11/2021,865,YES,2,$8000,11/2003,2008,No
105,5efc317d-2d5c-498f-934a-5f8efe52002a,4,Mastercard,Debit (Prepaid),ae706069ddcb995ade06f6bebc235416,05/2011,994,YES,1,$83,11/2010,2010,No
106,4108110b-0b4a-4420-8d51-460f166e4ab0,0,Amex,Credit,e131fa9ff74841c46cc2c1a23ff7469c,01/2024,536,YES,2,$23700,07/2012,2012,No
107,ac38c342-32a3-4ad9-ab65-9f2f2f042ebe,0,Visa,Credit,83d4d8a1980cd13040c98aab25748a3e,02/2024,986,YES,2,$700,12/2016,2016,No
108,151cb057-bf2b-4fb7-8704-56ab80bf4cf9,0,Mastercard,Debit,e39a1173e44cd0907d3947b57748afd1,07/2024,594,YES,2,$7488,07/2006,2016,No
109,990265b7-338a-486c-920f-7e2f06f43069,0,Visa,Credit,4ed44f89a66d7e089cbda7ae765e278b,01/2002,225,NO,1,$24900,02/1999,2010,No
110,990265b7-338a-486c-920f-7e2f06f43069,1,Mastercard,Debit,7bf92dd66add1960a1ff766ab9874a35,06/2021,638,YES,2,$30971,03/2005,2020,No
111,990265b7-338a-486c-920f-7e2f06f43069,2,Amex,Credit,f69baa813b114e97c8a8d9053fec3944,01/2024,343,YES,1,$24400,01/2020,2020,No
112,990265b7-338a-486c-920f-7e2f06f43069,3,Mastercard,Debit,f7b215a576bdcd2caa4f6e4b2c3299c0,02/2020,599,YES,2,$53549,01/2020,2020,No
113,990265b7-338a-486c-920f-7e2f06f43069,4,Visa,Debit,4f43edfc1f0899ea16d6ff0a1259645d,09/2018,573,YES,1,$53036,10/2013,2013,No
114,990265b7-338a-486c-920f-7e2f06f43069,5,Mastercard,Debit,922cc70f22b1e4166dc36d872492b9ea,12/2024,300,YES,1,$35750,08/2011,2011,No
115,990265b7-338a-486c-920f-7e2f06f43069,6,Visa,Debit,cbd0c8942a54aa0bbdf980f94e2cf165,07/2021,902,YES,1,$33375,03/2013,2013,No
116,40d899de-aa9e-428c-84a1-503fa36e18c4,0,Visa,Debit (Prepaid),8a3874b8457b93200120c03b45579fa0,07/2023,858,YES,2,$22,12/2010,2010,No
117,40d899de-aa9e-428c-84a1-503fa36e18c4,1,Discover,Credit,46f79ddd4473d9bd0775bc7082bec0af,11/2020,608,YES,1,$13100,08/2014,2014,No
118,40d899de-aa9e-428c-84a1-503fa36e18c4,2,Visa,Debit,91db15bce48b14da580a8ac5bec8ec36,10/2024,440,YES,1,$16516,07/2003,2011,No
119,40d899de-aa9e-428c-84a1-503fa36e18c4,3,Mastercard,Credit,0626d8f81c791b9a12ce206436d67ea6,07/2016,906,YES,1,$15700,05/2004,2011,No
120,40d899de-aa9e-428c-84a1-503fa36e18c4,4,Mastercard,Debit,0b570733231593c77f6b6bd93ffb371a,05/2024,474,YES,1,$21058,08/2003,2007,No
121,6fcce8ae-8890-44a5-bd36-4d59cc59e9c7,0,Visa,Debit,cbc0f11e17735d27335312332af88f30,10/2023,543,YES,2,$36425,01/2002,2004,No
122,6fcce8ae-8890-44a5-bd36-4d59cc59e9c7,1,Visa,Debit (Prepaid),5b4163d5b464bfd66b1e364d8fec9521,03/2021,585,YES,2,$91,12/2016,2016,No
123,6fcce8ae-8890-44a5-bd36-4d59cc59e9c7,2,Mastercard,Credit,5e220ca40f1b02240155f130914fdccd,09/2021,379,YES,1,$13400,04/2005,2014,No
124,6fcce8ae-8890-44a5-bd36-4d59cc59e9c7,3,Mastercard,Credit,a40ecb583a0b674fa4a6f9c4bbcfcd40,04/2021,037,YES,2,$21600,04/2010,2010,No
125,774bf1ef-afe8-406e-9358-6cf9b8bdade1,0,Mastercard,Debit,f26fefae46cffc38d0a889bc5b8cc9ff,02/2020,012,NO,1,$9090,02/2020,2020,No
126,9004eac8-ecf4-4215-b4d0-5c7ded2d64c3,0,Visa,Debit,cf58d7f7c683d54e85e879f3e08495ae,02/2023,846,NO,1,$25942,11/2012,2012,No
127,9004eac8-ecf4-4215-b4d0-5c7ded2d64c3,1,Mastercard,Credit,937258ff5a3f10f950662f4ee81677ba,07/2019,614,YES,2,$10700,02/2003,2013,No
128,9004eac8-ecf4-4215-b4d0-5c7ded2d64c3,2,Mastercard,Credit,9d30603f77274047a885e1c255c17e6a,07/2022,630,YES,2,$4900,02/2020,2020,No
129,0ce001e2-9187-4958-9cc5-64e409644cba,0,Mastercard,Credit,45a477ec9eaf24d91f77a951bcb2b132,04/2022,587,NO,1,$18100,02/2020,2020,No
130,5d243f95-9d2c-4ba6-991f-a426d11cace3,0,Amex,Credit,5fec972bc793391f7147abeb9e6472b7,03/2024,659,YES,2,$7200,01/2020,2020,No
131,edadad45-c5cd-487a-aaed-24b8445b7b66,0,Mastercard,Debit,07f51e1a84a632f8c9239fce620f90e7,02/2020,546,YES,2,$22660,07/2004,2007,No
132,edadad45-c5cd-487a-aaed-24b8445b7b66,1,Discover,Credit,cb5659442bb9a410c540148640abfe7c,12/2022,588,YES,1,$19800,05/2011,2011,No
133,edadad45-c5cd-487a-aaed-24b8445b7b66,2,Mastercard,Credit,27353fe95f2b18a358562b6daef1d3d3,11/2024,820,YES,2,$15500,01/2005,2014,No
134,edadad45-c5cd-487a-aaed-24b8445b7b66,3,Visa,Debit (Prepaid),359bf1c641c9a7452130519d6a861890,06/2023,458,YES,1,$13,01/2005,2008,No
135,edadad45-c5cd-487a-aaed-24b8445b7b66,4,Mastercard,Debit,90a9807f021213b9f0eac6769150bd14,06/2021,526,YES,2,$4317,07/2001,2011,No
136,0ba2967a-a952-47ca-aae5-26df476f4b0a,0,Mastercard,Debit,7b812d185bf930897b0780d4480ce8e3,12/2021,553,NO,1,$14719,03/2000,2008,No
137,0ba2967a-a952-47ca-aae5-26df476f4b0a,1,Mastercard,Debit,ff81342bead0797654fc706da2884d44,05/2021,593,YES,1,$9532,09/2017,2017,No
138,0ba2967a-a952-47ca-aae5-26df476f4b0a,2,Mastercard,Credit,0af33c47143af8a15786fb041f51ddf1,03/2020,486,YES,1,$10900,07/2006,2014,No
139,440d4212-67e7-49b1-a6a0-60a2bf01579e,0,Mastercard,Credit,6f824730a7b80780d834e7d5d48d439c,09/2024,428,YES,2,$6200,11/2001,2012,No
140,440d4212-67e7-49b1-a6a0-60a2bf01579e,1,Mastercard,Debit,0c22e2a2c997d48067c30bb6baa12f6f,12/2012,043,YES,2,$2903,11/2005,2011,No
141,440d4212-67e7-49b1-a6a0-60a2bf01579e,2,Mastercard,Debit,92adb33be0926ff8227f43cbadb8e4a8,10/2020,803,YES,2,$4355,12/1999,2010,No
142,5f75b031-3eb4-4574-9978-fc244a723e8c,0,Mastercard,Debit,e5ca535e316a1dd97cbcc36ce11fc54a,04/2021,126,YES,1,$28963,11/2007,2012,No
143,5f75b031-3eb4-4574-9978-fc244a723e8c,1,Mastercard,Debit,2e052a9eaa9e140ece5010e4d8d97a89,12/2022,667,YES,2,$20913,05/2016,2016,No
144,5f75b031-3eb4-4574-9978-fc244a723e8c,2,Mastercard,Debit,210c0c773b7144d70e9d6ee683f4b5aa,07/2024,170,YES,1,$23344,02/2010,2010,No
145,5f75b031-3eb4-4574-9978-fc244a723e8c,3,Mastercard,Debit,af656d595878c7b62962d0c75af90290,01/2020,882,YES,2,$33642,10/2016,2016,No
146,b24473ea-4804-4505-9f13-fd756bf1610c,0,Mastercard,Debit,c5a9f055dc9ac44b8a2339f90379c0f0,01/2022,681,YES,1,$14695,09/2010,2011,No
147,01598693-3b8a-424c-b7e1-e7f6a1119702,0,Mastercard,Credit,03df9518833fb0a8708a7693126a59cd,09/2023,510,YES,1,$13200,01/2007,2015,No
148,01598693-3b8a-424c-b7e1-e7f6a1119702,1,Visa,Debit,ec36fa8ef7cc6b63848642a51cdb7b1d,01/2020,173,YES,1,$29950,09/2008,2013,No
149,01598693-3b8a-424c-b7e1-e7f6a1119702,2,Visa,Credit,c5edf4e8500b541dd25df75dfe5db619,07/2024,768,YES,2,$4600,12/2007,2011,No
150,9de85973-838e-4ba1-bf43-8b4e52636ff9,0,Mastercard,Debit,465957cac92688c219eff89b0d42eb8f,12/2022,092,YES,1,$10051,04/2002,2011,No
151,9de85973-838e-4ba1-bf43-8b4e52636ff9,1,Mastercard,Debit,19e5513fb8dae80f270b67dd5a7f7f86,12/2015,729,YES,2,$9796,02/2003,2013,No
152,8a7f3460-13e4-4613-bde1-9cde9904f4d1,0,Mastercard,Debit,550b5f5686e62669311df288b3eededa,10/2021,957,YES,1,$17826,10/2009,2009,No
153,8a7f3460-13e4-4613-bde1-9cde9904f4d1,1,Mastercard,Debit,4fcf705899afa94fe705d636701db981,11/2024,778,YES,1,$19086,12/2006,2009,No
154,8a7f3460-13e4-4613-bde1-9cde9904f4d1,2,Visa,Debit,fa15493ac2b9525c299a929fa65979b0,06/2024,265,YES,2,$17345,10/2014,2014,No
155,8a7f3460-13e4-4613-bde1-9cde9904f4d1,3,Visa,Debit,49c75afa7199ca77029e16c2d74e4818,09/2020,923,YES,2,$17976,02/2013,2013,No
156,8a7f3460-13e4-4613-bde1-9cde9904f4d1,4,Visa,Debit,9c1e29727bc93399f157d857df9f49a6,01/2022,279,YES,2,$16447,01/2019,2019,No
157,798f65c3-9561-4cc0-bd8e-e7887c45a77e,0,Visa,Debit,b0df6288b1842315e42ae59cb3d0ad4a,10/2024,271,YES,2,$29573,10/2008,2009,No
158,798f65c3-9561-4cc0-bd8e-e7887c45a77e,1,Mastercard,Debit (Prepaid),efd74bd321a0618cb5462e7374e96701,12/2021,048,YES,2,$98,12/2010,2010,No
159,798f65c3-9561-4cc0-bd8e-e7887c45a77e,2,Mastercard,Debit,0dd4efc08e68d899718896ca85bd0295,08/2019,071,YES,2,$2559,08/2002,2012,No
160,798f65c3-9561-4cc0-bd8e-e7887c45a77e,3,Mastercard,Debit,df6cee20c6831f41d5dce2c7d09f7a9b,10/2012,436,YES,2,$6552,01/2003,2010,No
161,befac74f-8acc-4615-8f3c-87409189d5dd,0,Mastercard,Credit,ae043e6ed3525754137da09817d86a6b,01/2021,591,YES,2,$13800,01/2020,2020,No
162,e740101f-42ff-48cb-838e-88f692939411,0,Mastercard,Debit,90566c4d82fb1d56327412763f6d58c7,08/2020,746,YES,1,$16375,02/2020,2020,No
163,e740101f-42ff-48cb-838e-88f692939411,1,Visa,Debit,e7bf610fe4344e0ad7b424542fd0a15f,05/2023,780,YES,1,$14213,01/2020,2020,No
164,e740101f-42ff-48cb-838e-88f692939411,2,Visa,Debit (Prepaid),b022cf5635fe301cd670a733fd09bad5,09/2020,002,YES,1,$73,02/2020,2020,No
165,823d13f9-beaf-4e02-a6cd-4a18a4c5f28b,0,Mastercard,Debit,b4b18450805c27442a1d14ec1d09acf7,11/2022,688,YES,2,$53466,07/2007,2013,No
166,1b34a563-5bd3-4703-99a2-a7d7e28831c0,0,Visa,Credit,8147c7a47dd2835699cfece0b53ea2f6,09/2020,450,YES,1,$6600,01/2011,2013,No
167,1b34a563-5bd3-4703-99a2-a7d7e28831c0,1,Mastercard,Credit,e4f22e1913387e2087da8e4a2b4fd800,06/2022,806,NO,2,$7200,12/2015,2015,No
168,883a076c-dd4a-46d4-89a0-4f0e81a9cac0,0,Mastercard,Debit,685ab641054af75a78b39923233b3a72,11/2020,856,YES,1,$2868,01/2020,2020,No
169,883a076c-dd4a-46d4-89a0-4f0e81a9cac0,1,Discover,Credit,8a82808330576a3f1a72221387bf909a,05/2024,097,YES,1,$3400,01/2020,2020,No
170,4a4a0203-2c9f-4976-bae8-c17c3ac8d7dd,0,Mastercard,Debit,349cd45ddaa9d96752cdd277979c5987,01/2022,446,YES,1,$12915,10/2011,2013,No
171,4a4a0203-2c9f-4976-bae8-c17c3ac8d7dd,1,Visa,Debit (Prepaid),067983e80b5abe64db3ebd96bb0b4052,12/2023,366,YES,2,$84,04/2009,2017,No
172,4a4a0203-2c9f-4976-bae8-c17c3ac8d7dd,2,Discover,Credit,38879f853d7e0b4dfe072d49f42851e2,07/2021,504,YES,2,$17600,04/2018,2018,No
173,4a4a0203-2c9f-4976-bae8-c17c3ac8d7dd,3,Mastercard,Debit,2791cbdb56f45b4e21b8553b476a796d,12/2012,621,YES,1,$31542,11/2006,2009,No
174,4a4a0203-2c9f-4976-bae8-c17c3ac8d7dd,4,Mastercard,Debit,836c297158fd11214bbf3aa539881ff7,02/2022,362,YES,2,$23049,06/2013,2013,No
175,4a4a0203-2c9f-4976-bae8-c17c3ac8d7dd,5,Visa,Debit,b1ea09216d6293e023f6e131fa2090d3,05/2020,141,YES,1,$29734,12/2017,2017,No
176,4a4a0203-2c9f-4976-bae8-c17c3ac8d7dd,6,Visa,Credit,3350e2d7f70ff088b12a25515a2eadc2,01/2020,346,YES,2,$27000,09/2011,2016,No
177,4a4a0203-2c9f-4976-bae8-c17c3ac8d7dd,7,Mastercard,Debit (Prepaid),23073f57a6943e8bed61f70579659027,11/2022,320,YES,1,$18,03/2008,2010,No
178,22516ee6-93ce-4368-b6c5-7fd02bf565bc,0,Mastercard,Debit,8e55ad635e29e0bdde8d74f6f0e1a0d1,04/2023,824,YES,1,$17848,12/2015,2015,No
179,22516ee6-93ce-4368-b6c5-7fd02bf565bc,1,Mastercard,Debit,f561de9daf36a32fda792fdb4db7b1a9,11/2022,870,NO,1,$25563,05/2010,2010,No
180,22516ee6-93ce-4368-b6c5-7fd02bf565bc,2,Visa,Credit,112d95bc853957ab57a86d3d7dfa144c,04/2020,168,YES,2,$12000,10/2010,2010,No
181,22516ee6-93ce-4368-b6c5-7fd02bf565bc,3,Amex,Credit,a507bf62afb7107bf7c490fb3665a425,11/2018,709,NO,2,$6600,02/2012,2012,No
182,c93134e3-bbdb-4b82-8c11-9bcafd77383b,0,Amex,Credit,8c9bfe68393d0637db7d970a0fefee11,09/2023,943,NO,1,$5600,01/2020,2020,No
183,c93134e3-bbdb-4b82-8c11-9bcafd77383b,1,Visa,Debit,66029de0c5590ab525e2142daba858e6,11/2022,428,YES,3,$11873,02/2020,2020,No
184,c93134e3-bbdb-4b82-8c11-9bcafd77383b,2,Mastercard,Credit,6df174f037f411ff5927993efd5ee97e,02/2020,871,YES,1,$7200,02/2020,2020,No
185,ea98799e-6802-493b-87d3-a06b0c6471ca,0,Amex,Credit,eac62e9fe9052d8fae096b329f00fd4c,08/2024,145,YES,1,$10000,02/2020,2020,No
186,ea98799e-6802-493b-87d3-a06b0c6471ca,1,Mastercard,Credit,6c1349e9ac780fc72fe7f15c14007d15,04/2023,381,YES,2,$500,11/2010,2010,No
187,1370329c-552b-4fe6-a3c1-8ad5bbd64b46,0,Mastercard,Debit,cb6641a5e1c8fa8c1a390b1e14b7e373,02/2020,718,YES,1,$22697,02/2020,2020,No
188,1370329c-552b-4fe6-a3c1-8ad5bbd64b46,1,Mastercard,Credit,b70da67a031951d8804d73ada9633fbe,08/2023,437,YES,1,$18000,03/2013,2013,No
189,1370329c-552b-4fe6-a3c1-8ad5bbd64b46,2,Mastercard,Debit,dd9753b1e1e7a2415070133b7c22ee4b,10/2024,862,YES,1,$32903,06/2010,2010,No
190,2b9b9503-58ad-483e-a4a5-d5a1509a9b98,0,Visa,Debit,47d7fbd70bbb8ce7901a73e7fa19b376,08/2021,547,YES,2,$12764,05/1999,2010,No
191,2b9b9503-58ad-483e-a4a5-d5a1509a9b98,1,Mastercard,Credit,bb60620a1d980a7e93343c44bc63a8e1,10/2022,060,YES,1,$6300,02/2019,2019,No
192,b1157870-731e-441b-a1dd-b4cc14be1280,0,Mastercard,Debit,61ebe86d4ed922e4133f92f74dd41cf7,02/2022,934,YES,2,$7541,09/2008,2013,No
193,b1157870-731e-441b-a1dd-b4cc14be1280,1,Visa,Debit,e39b6aaabe2d53b8ca3b425dc8c9d188,03/2022,995,YES,2,$1266,06/2007,2012,No
194,b1157870-731e-441b-a1dd-b4cc14be1280,2,Mastercard,Credit,afb6e8367fb2f35835fc408878fd40eb,04/2020,263,NO,1,$9500,09/2014,2014,No
195,6270d3aa-6907-4202-ae70-7823e56b6fb1,0,Mastercard,Debit,7cd6f899a32e3211f3c6f4b66c54e3f8,04/2020,203,YES,2,$1837,06/2010,2010,No
196,6270d3aa-6907-4202-ae70-7823e56b6fb1,1,Mastercard,Debit,c4f40dcac0673fe6d1f21cbebde01590,08/2023,258,YES,2,$17453,02/2006,2008,No
197,c483c47f-4d63-4900-a0cf-0c9ec8cebf2d,0,Visa,Debit,90bedb97a0f1c46aa5f3c0475e0b4561,10/2013,543,NO,1,$28283,05/2008,2012,No
198,c483c47f-4d63-4900-a0cf-0c9ec8cebf2d,1,Visa,Credit,1dfdeaee1164cf7c8e3be79cf57fde10,04/2020,160,YES,1,$13500,05/2010,2012,No
199,c483c47f-4d63-4900-a0cf-0c9ec8cebf2d,2,Visa,Credit,46f39dbb04b9ea061e9211e18b348361,07/2014,786,YES,2,$13300,06/2012,2012,No
200,fa17bb1e-fbbc-4ed5-8ec9-b0d8d74a4b24,0,Mastercard,Debit,e58c3d26613769e77f267844c722c1b1,09/2021,069,YES,2,$17941,04/2009,2009,No
201,f5d288ca-7fe9-4f0c-8b00-d80ca133af08,0,Visa,Credit,f2bb38379a85a9ea8b4cce5a4cce1dad,04/2018,594,YES,1,$14400,06/2010,2012,No
202,f5d288ca-7fe9-4f0c-8b00-d80ca133af08,1,Visa,Credit,c9b7dd7cfaa582710ca48ca304ff06aa,04/2020,120,YES,1,$4400,07/2012,2012,No
203,f5d288ca-7fe9-4f0c-8b00-d80ca133af08,2,Mastercard,Credit,1a526541acf987606178f4b1b44c5fb6,03/2020,657,YES,1,$13000,02/2020,2020,No
204,f5d288ca-7fe9-4f0c-8b00-d80ca133af08,3,Visa,Debit,b3135ce4587b26ef99921e08054b59f7,04/2023,072,YES,2,$22701,02/2020,2020,No
205,29d3bf12-df61-469a-a470-691b56d0391b,0,Mastercard,Credit,96267100355a46ca130bf8bc7b7d240f,08/2024,934,NO,1,$16100,02/2020,2020,No
206,29d3bf12-df61-469a-a470-691b56d0391b,1,Mastercard,Debit,fd4c180681c950820088458f840471d4,09/2023,138,YES,2,$7629,02/2020,2020,No
207,61cbd06c-00cd-4298-be9c-f923c79d883b,0,Mastercard,Debit,16bcdaf4ee45dfd3bca064bb18fb4793,03/2022,430,NO,1,$16538,04/2012,2012,No
208,61cbd06c-00cd-4298-be9c-f923c79d883b,1,Visa,Debit,85ceaabf6ff156c7f94bf23d5cad301b,12/2020,578,YES,2,$22746,01/2008,2010,No
209,61cbd06c-00cd-4298-be9c-f923c79d883b,2,Mastercard,Debit,e61450abb7a3261ecd8f0f9b5f6aba20,07/2016,743,YES,1,$9737,02/2016,2016,No
210,61cbd06c-00cd-4298-be9c-f923c79d883b,3,Mastercard,Credit,e817d6b2954374c475765402e1cd140f,07/2019,428,YES,1,$6500,02/2011,2014,No
211,61cbd06c-00cd-4298-be9c-f923c79d883b,4,Mastercard,Debit,0ac51ca32a4833b4219e19b66738ba5e,06/2020,889,YES,2,$2650,02/2011,2013,No
212,61cbd06c-00cd-4298-be9c-f923c79d883b,5,Visa,Credit,eeeffd82ad3bf66f183670eae3ce33df,05/2012,839,YES,2,$8200,01/2009,2011,No
213,61cbd06c-00cd-4298-be9c-f923c79d883b,6,Amex,Credit,8a9cb4135d2bbc4a9f5c588ac819e739,01/2022,204,YES,2,$6200,11/2006,2013,No
214,28499410-5b1f-4d58-ae08-eacaf15ba6ad,0,Amex,Credit,e6e1beff6be15f74e878de449f999572,01/2021,803,YES,2,$22600,11/2006,2014,No
215,28499410-5b1f-4d58-ae08-eacaf15ba6ad,1,Mastercard,Debit,ec241f945fc524d1c2a8550b88cb1cb4,05/2024,428,YES,2,$6940,03/2006,2009,No
216,28499410-5b1f-4d58-ae08-eacaf15ba6ad,2,Mastercard,Debit,b9603f442de1250580038e6ad85f2506,03/2024,410,YES,2,$23408,04/1996,2008,No
217,28499410-5b1f-4d58-ae08-eacaf15ba6ad,3,Visa,Credit,ae0b18b76db6074bd4c95d95f45c23f4,09/2022,966,YES,2,$9700,11/2004,2007,No
218,0326d7bb-0c79-4523-905f-c068bb4a3ebf,0,Mastercard,Debit,941b2bb844189d415b114d9ea639c5e6,06/2024,992,NO,2,$10538,07/2006,2006,No
219,0326d7bb-0c79-4523-905f-c068bb4a3ebf,1,Mastercard,Debit,9b66b851c2eab5e59a7e8f72910feeea,03/2023,385,YES,2,$6853,08/2001,2006,No
220,0326d7bb-0c79-4523-905f-c068bb4a3ebf,2,Mastercard,Debit,2f1d08e8d6112370bf872ac3c2f96e67,10/2020,598,YES,2,$607,12/2002,2010,No
221,0326d7bb-0c79-4523-905f-c068bb4a3ebf,3,Mastercard,Credit,84fbdeb7407035ea90acc01143e90538,08/2021,397,YES,1,$0,08/2010,2010,No
222,0326d7bb-0c79-4523-905f-c068bb4a3ebf,4,Visa,Debit,de051218e18a62515468215490acb955,06/2021,644,YES,2,$8253,10/2004,2011,No
223,5c9728d3-bed1-4b63-9b9b-5db7d54086ca,0,Visa,Debit,278eb2d3aef0fa6e8c5b3db1ead3fdeb,09/2020,847,YES,2,$8492,01/2020,2020,No
224,dd388911-8183-4c59-959e-a780c3023b58,0,Visa,Credit,8e600ed889dcfad5a9927fa3c6b4b01e,07/2022,275,YES,1,$9100,01/2010,2010,No
225,dd388911-8183-4c59-959e-a780c3023b58,1,Mastercard,Credit,951aee4cc01569248652bd22bda7130a,04/2022,497,NO,2,$2600,07/2011,2011,No
226,dd388911-8183-4c59-959e-a780c3023b58,2,Mastercard,Credit,389b86e75aafe905ce5b0775d99465cc,05/2024,813,NO,1,$7300,11/2002,2010,No
227,c2d54769-3a34-477a-88e3-a7e4007d2a66,0,Visa,Credit,5e9e125c805257ed37ac31f62cb7bc1a,08/2020,207,YES,1,$15000,10/2009,2009,No
228,c2d54769-3a34-477a-88e3-a7e4007d2a66,1,Mastercard,Credit,1cd2dff5e9be1a96b46e204f6faf1e30,04/2024,497,YES,2,$18700,02/2020,2020,No
229,c2d54769-3a34-477a-88e3-a7e4007d2a66,2,Visa,Debit,bb471f75467280b81d6dad58594cc2cd,05/2021,579,YES,1,$21458,01/2020,2020,No
230,c2d54769-3a34-477a-88e3-a7e4007d2a66,3,Visa,Credit,02638e9a95245c78076e0fe70f0205d4,04/2020,635,NO,1,$15700,11/2010,2014,No
231,e2e1af3e-f331-4ae5-9e7c-17f620b1e6dd,0,Mastercard,Debit,2dca3b698052cbed79344ca5fab9e1ca,01/2020,013,YES,2,$20765,12/2014,2014,No
232,e2e1af3e-f331-4ae5-9e7c-17f620b1e6dd,1,Mastercard,Debit,dd8b96472bc8f651ccf2e3cb09647b0b,06/2022,170,NO,2,$18101,02/2020,2020,No
233,e2e1af3e-f331-4ae5-9e7c-17f620b1e6dd,2,Visa,Credit,0ee3e212cc344170fd74cfee6090d7fe,11/2024,528,YES,1,$8400,02/2020,2020,No
234,e2e1af3e-f331-4ae5-9e7c-17f620b1e6dd,3,Mastercard,Debit,77be9300dd7403b9a7a180e7aaa6e013,03/2020,066,YES,1,$1737,01/2020,2020,No
235,fe168d02-7f8c-40db-a35b-f9da97424728,0,Mastercard,Credit,ee4ab57acaa3b42b322059133bc5aebd,02/2020,217,YES,2,$20900,02/2020,2020,No
236,fe168d02-7f8c-40db-a35b-f9da97424728,1,Visa,Credit,eade9dbe5910b0b1742890ed44c7389f,11/2021,601,YES,1,$23700,02/2020,2020,No
237,fe168d02-7f8c-40db-a35b-f9da97424728,2,Mastercard,Credit,441d29487ef5b4b48a65e60506d1cec8,11/2021,989,YES,1,$17500,01/2020,2020,No
238,6ec42516-4bb2-47ae-88de-77b2dba59c6d,0,Visa,Debit,95d525f45b072b8a076280675df426d7,06/2024,769,YES,1,$26083,12/2009,2009,No
239,6ec42516-4bb2-47ae-88de-77b2dba59c6d,1,Visa,Debit,65ae26b55e07cd9e07def07438e39a3a,10/2022,943,YES,1,$31589,05/2008,2008,No
240,6ec42516-4bb2-47ae-88de-77b2dba59c6d,2,Visa,Credit,50150d6615cde52ce8d9e95fca8783fb,06/2021,453,YES,2,$24200,10/2000,2013,No
241,6aa2bca4-04f5-46f0-a487-a24c0b973dce,0,Mastercard,Debit,1c7b136dee1d65688b5669c7e6a086bb,02/2020,190,YES,2,$18321,02/2020,2020,No
242,42ab092b-3cc2-4ed1-babb-01e3ec7843b4,0,Mastercard,Debit,9c0262b1443404b4bca4ab333b53f555,10/2022,094,YES,2,$7551,11/2002,2010,No
243,42ab092b-3cc2-4ed1-babb-01e3ec7843b4,1,Mastercard,Debit,9ee9c40955f7e5ed297c5b8a39712cdc,06/2014,451,YES,1,$15377,08/2004,2011,No
244,42ab092b-3cc2-4ed1-babb-01e3ec7843b4,2,Visa,Debit,d41b4df15e55874eeb28c549c0b7ff80,03/2023,324,YES,1,$12990,10/2007,2016,No
245,42ab092b-3cc2-4ed1-babb-01e3ec7843b4,3,Visa,Debit,0b64239cc21c9780b38e2631e68b2bb8,02/2023,494,YES,1,$8509,06/2010,2010,No
246,19daa93c-2041-47fb-abf7-6e98140c80ee,0,Visa,Debit,79a36aad68d391965fa75c168bcc2ce4,11/2014,176,YES,1,$96907,11/2014,2014,No
247,19daa93c-2041-47fb-abf7-6e98140c80ee,1,Visa,Credit,784f3d0174c5b43bebef0a3b1efacd14,07/2015,045,YES,1,$43900,03/2008,2013,No
248,19daa93c-2041-47fb-abf7-6e98140c80ee,2,Visa,Debit (Prepaid),37457493270c7ef4d62fa42949ec7dd7,10/2020,440,YES,2,$76,11/2005,2007,No
249,174db44e-c2ed-4428-8a8a-19bd4ca46da8,0,Mastercard,Debit,361b5dc6b8f490e18242079e3a8c8392,01/2020,533,YES,2,$50915,01/2020,2020,No
250,174db44e-c2ed-4428-8a8a-19bd4ca46da8,1,Visa,Debit,08a6c3b15e70d53045413c577f4cf1ba,12/2021,369,YES,2,$31767,02/2020,2020,No
251,17b74aad-8e0e-420a-b910-1c472161e7fb,0,Visa,Credit,f286e83191dcda7ed8f11238c13ef205,04/2024,082,YES,2,$13200,07/2008,2010,No
252,17b74aad-8e0e-420a-b910-1c472161e7fb,1,Mastercard,Credit,e314daf46d647adcc5128a0e67aece10,10/2022,372,YES,2,$16000,02/2011,2012,No
253,17b74aad-8e0e-420a-b910-1c472161e7fb,2,Visa,Debit,f259910fe154344f6166074718d48fa8,07/2024,223,YES,2,$18132,01/2020,2020,No
254,17b74aad-8e0e-420a-b910-1c472161e7fb,3,Visa,Credit,1573c85270befad8ae179e99358556da,02/2019,466,YES,1,$300,04/2012,2012,No
255,0f3710d4-cf43-4402-8881-600cb835b23b,0,Mastercard,Debit,9701158c9fdea471d091befcde5f854b,11/2022,714,YES,2,$2236,05/2000,2015,No
256,0f3710d4-cf43-4402-8881-600cb835b23b,1,Visa,Debit,fc22c4a98c0c914b24404e05ec23c572,08/2019,451,YES,2,$21591,09/2010,2010,No
257,db83c512-149b-4a8a-ad86-890ef20ee33f,0,Mastercard,Debit,4200b2cd6ac0d58ca761d6381146e4bf,04/2020,927,YES,2,$11521,02/2020,2020,No
258,db83c512-149b-4a8a-ad86-890ef20ee33f,1,Visa,Credit,3bf1aa89940b2d1fbd6448c1d2334fe0,06/2020,561,NO,1,$8600,01/2020,2020,No
259,3f6b4875-c494-4f34-b2e3-801970e80f1b,0,Amex,Credit,58436fcbbed3b5daf90f8f628b2c439d,03/2020,659,YES,1,$9800,08/2003,2010,No
260,3f6b4875-c494-4f34-b2e3-801970e80f1b,1,Visa,Credit,ef354e1703e74f5956cd39ad4b5823be,03/2012,902,YES,2,$11300,02/2008,2009,No
261,3f6b4875-c494-4f34-b2e3-801970e80f1b,2,Mastercard,Credit,246f95729e41191874dfc563873eddaf,10/2019,492,YES,1,$8400,04/2009,2011,No
262,3f6b4875-c494-4f34-b2e3-801970e80f1b,3,Mastercard,Debit,4afa617c122fd881d38f35da32dbcd10,12/2023,789,YES,1,$16597,01/1999,2009,No
263,3f6b4875-c494-4f34-b2e3-801970e80f1b,4,Amex,Credit,85051b2fddb2ac82c28fc35a3264e22e,09/2020,876,YES,2,$9400,09/2008,2008,No
264,4d9828cd-521d-4669-ba96-16ae54fffc36,0,Visa,Debit,33f84910472aacf5d7387cce6d1e6e08,12/2008,122,YES,1,$18702,12/2007,2007,No
265,79308197-1362-4b7f-b8e2-4496a41c8b09,0,Visa,Debit,5db31a01f23268838610ef65e8844ae4,06/2022,675,YES,1,$24806,06/2007,2007,No
266,79308197-1362-4b7f-b8e2-4496a41c8b09,1,Visa,Debit,eae846478038d49998ca01fcd7f720fc,05/2023,457,YES,1,$19856,11/2007,2011,No
267,c37c83f5-c3c3-400d-992e-32c810f1ab1e,0,Visa,Debit (Prepaid),1b64d301c5cabaadd5de5c6f8999f29d,02/2021,397,YES,2,$68,02/2010,2010,No
268,c37c83f5-c3c3-400d-992e-32c810f1ab1e,1,Amex,Credit,0d5de9ec8d8f3dca1b9d3ed79118dbf7,12/2022,791,YES,2,$4900,06/2009,2009,No
269,0eef98d7-d826-4f2d-baa7-1521893fb972,0,Mastercard,Debit,cdd6aa835862524fb375784b89a0d61b,02/2022,421,YES,1,$13390,02/2020,2020,No
270,0eef98d7-d826-4f2d-baa7-1521893fb972,1,Amex,Credit,3bf971250a03b46405a227d21614a7e4,11/2024,210,YES,3,$8400,02/2020,2020,No
271,5da6ce51-67fa-4783-a85d-9c8fd70cb44c,0,Amex,Credit,d72e0e0be61b6a6d447e119f06796544,03/2024,659,YES,2,$13700,02/2012,2012,No
272,ec742919-e172-4237-8812-9e613964af78,0,Discover,Credit,6c7bd1f8cfecedddf0dc7c36d4c46d37,11/2024,205,YES,2,$4200,06/2016,2016,No
273,34341698-8e7d-4e27-8717-878bd528cb78,0,Visa,Debit,3edddbb0d71ea9b988fb4d346a968e18,08/2020,424,YES,2,$2292,10/2009,2015,No
274,34341698-8e7d-4e27-8717-878bd528cb78,1,Amex,Credit,cb128feb4e671645653d5bcb314924b3,03/2021,495,YES,1,$8800,07/2010,2010,No
275,6ae86b01-67aa-4464-a765-a65ffbe4b2d6,0,Mastercard,Credit,01a8187ff4f00b6ac8ef29bef142e0b6,03/2023,312,NO,2,$7600,11/2006,2009,No
276,6ae86b01-67aa-4464-a765-a65ffbe4b2d6,1,Visa,Credit,7d21b10dc11e640741bb35afe4f7abd5,11/2021,756,YES,2,$6200,05/2005,2018,No
277,17c6936c-9a0e-4b65-b6de-d800112ca82a,0,Mastercard,Credit,90de2b6163efa6a9fb90d946f2f60bfb,07/2023,348,YES,1,$12900,06/1999,2011,No
278,17c6936c-9a0e-4b65-b6de-d800112ca82a,1,Mastercard,Debit,295070a114b55095748e97a67e49dd45,06/2022,228,YES,2,$18820,09/2008,2015,No
279,17c6936c-9a0e-4b65-b6de-d800112ca82a,2,Visa,Debit,ec388e9ba86c24fc8a956e23d52ebec3,07/2005,979,YES,2,$16167,06/2004,2009,No
280,17c6936c-9a0e-4b65-b6de-d800112ca82a,3,Mastercard,Credit,91f50ce7fdc418ddabc9c23dc70c0757,06/2023,857,YES,2,$4200,02/2007,2011,No
281,17c6936c-9a0e-4b65-b6de-d800112ca82a,4,Mastercard,Debit,18658e2bc7929637280c30a8b35e9e64,08/2024,190,YES,2,$18861,06/2006,2011,No
282,17c6936c-9a0e-4b65-b6de-d800112ca82a,5,Visa,Debit,fa1e477ac161329a65c605c0274490af,02/2020,568,NO,1,$27231,02/2011,2011,No
283,0ada66d8-fa85-4f3a-8be0-3e1b8f3dbb2f,0,Visa,Debit,8028d9f2aa1cc1f9070d0f7bb7667f71,12/2024,174,YES,1,$24390,02/2020,2020,No
284,0ada66d8-fa85-4f3a-8be0-3e1b8f3dbb2f,1,Mastercard,Debit,0bf8d445a914c62df2cc1a98b7b58941,02/2023,802,YES,1,$3106,02/2020,2020,No
285,a37bb5f6-f9f5-4f31-90ba-cd9f1ef7d6c0,0,Mastercard,Debit,664d607f2a54b7359570c6feec603b43,07/2020,980,YES,2,$13595,03/2006,2010,No
286,a37bb5f6-f9f5-4f31-90ba-cd9f1ef7d6c0,1,Discover,Credit,387d0aca56b1501238f31511647c5d5c,11/2009,072,NO,2,$12300,10/2009,2009,No
287,a37bb5f6-f9f5-4f31-90ba-cd9f1ef7d6c0,2,Mastercard,Credit,5bee8625b604c34c6019c3f2a913079d,02/2019,704,YES,2,$12300,08/2005,2009,No
288,a37bb5f6-f9f5-4f31-90ba-cd9f1ef7d6c0,3,Mastercard,Debit,7a8b3a4d82361a20f5a55d6e18d726d3,04/2021,459,YES,1,$20743,06/2016,2016,No
289,a37bb5f6-f9f5-4f31-90ba-cd9f1ef7d6c0,4,Mastercard,Debit,50e069d98350aa844f95fd361ea2fa41,08/2021,570,YES,2,$17706,06/2003,2010,No
290,a37bb5f6-f9f5-4f31-90ba-cd9f1ef7d6c0,5,Mastercard,Debit,761b5376f72eb6d027a22df34c3df0e3,08/2022,332,YES,2,$20962,05/2009,2009,No
291,a37bb5f6-f9f5-4f31-90ba-cd9f1ef7d6c0,6,Mastercard,Debit,29070e0fcc2c7366c4610615bbc825e1,03/2024,530,YES,2,$19439,01/1997,2007,No
292,ab3bb74e-da1c-4eb9-9e5c-1857e058969b,0,Visa,Debit,ec5be90bdc6fe8e076cfe4bfd5b82829,03/2022,973,NO,1,$30160,06/2003,2017,No
293,ab3bb74e-da1c-4eb9-9e5c-1857e058969b,1,Amex,Credit,332d7374e1f263b2204199cf66bd6968,06/2022,652,YES,2,$0,06/2018,2018,No
294,ab3bb74e-da1c-4eb9-9e5c-1857e058969b,2,Visa,Debit,6ed288e346554541fabd74c55c0aae11,11/2012,807,NO,1,$28937,02/2004,2008,No
295,ae32bad7-05e6-4396-b002-30d5c91b7657,0,Mastercard,Debit (Prepaid),49ad47c950cbfcc07810f4179ab53a9d,05/2020,636,NO,2,$22,03/2005,2011,No
296,ae32bad7-05e6-4396-b002-30d5c91b7657,1,Mastercard,Debit,2137334bff6713ac5b605cafeb1b548b,08/2015,059,YES,2,$1575,01/2004,2005,No
297,ae32bad7-05e6-4396-b002-30d5c91b7657,2,Mastercard,Debit,4f0c91deca46f0568558404b996fc7e3,12/2020,962,YES,2,$7562,10/2002,2011,No
298,ae32bad7-05e6-4396-b002-30d5c91b7657,3,Mastercard,Debit,c263022e8a37d6a60a4ad4741bc67e44,05/2024,741,YES,2,$17211,08/1999,2013,No
299,ae32bad7-05e6-4396-b002-30d5c91b7657,4,Visa,Credit,c3ad21a1d72ee68ab9d4a91bcc60922b,06/2010,361,NO,2,$9500,05/2008,2010,No
300,d56c7f71-1295-4bd2-b6c4-e52ed82666d9,0,Mastercard,Debit,338ae2412e9868f85c8e4fe30a67512c,11/2022,117,YES,2,$24191,06/2011,2011,No
301,d56c7f71-1295-4bd2-b6c4-e52ed82666d9,1,Mastercard,Debit (Prepaid),66381ff3844d84e97a5dd5267060d4f9,03/2023,129,YES,2,$68,07/2005,2006,No
302,d56c7f71-1295-4bd2-b6c4-e52ed82666d9,2,Mastercard,Debit,64682410f819996f7c1b0e742ba961fa,02/2020,432,YES,2,$8037,05/2007,2010,No
303,d56c7f71-1295-4bd2-b6c4-e52ed82666d9,3,Mastercard,Debit (Prepaid),085b32083830c035a3a9ef22337814c5,02/2018,830,YES,2,$97,02/2009,2015,No
304,eb3d408c-04ff-40a5-81ed-e87e1c04f918,0,Mastercard,Debit,c91f34144a984a5dfc8d178aa1a315b6,05/2021,789,YES,1,$15555,01/2020,2020,No
305,eb3d408c-04ff-40a5-81ed-e87e1c04f918,1,Mastercard,Debit,67e2f7a622a555ccd67dd5a5016a2e35,05/2016,523,YES,1,$18242,04/2016,2016,No
306,eb3d408c-04ff-40a5-81ed-e87e1c04f918,2,Visa,Debit (Prepaid),29ff23a44ae844d74e732e65f37c4efe,12/2021,148,YES,2,$62,02/2020,2020,No
307,eb3d408c-04ff-40a5-81ed-e87e1c04f918,3,Visa,Debit,8e086b5e010b1fb369bfc38ac7c7e5cd,12/2022,451,NO,1,$16715,01/2020,2020,No
308,2198302f-dc65-46ca-a728-98d10b45bf2d,0,Mastercard,Debit (Prepaid),09a6128caaea98ac1b71a1c4d3361d69,02/2020,309,YES,1,$46,02/2020,2020,No
309,e8fb5b13-fa5a-409c-a188-f9fad6af2415,0,Mastercard,Debit,2c81dc53a2b05986837960413c1d8df7,04/2021,740,YES,2,$20195,02/2012,2012,No
310,e8fb5b13-fa5a-409c-a188-f9fad6af2415,1,Mastercard,Debit,2cd3c517f5cbabb55ebba9d717a8626e,07/2019,257,YES,2,$39818,06/2019,2019,No
311,e8fb5b13-fa5a-409c-a188-f9fad6af2415,2,Visa,Debit,7da816d78b66b124ad33a4068dc7aa4a,09/2018,423,YES,2,$33736,05/2010,2010,No
312,f31ded70-956f-4eda-a759-081b42d20613,0,Mastercard,Debit,e48fc598b451ca7c2603b5aa0807adbb,11/2011,911,YES,2,$17850,08/2008,2008,No
313,f31ded70-956f-4eda-a759-081b42d20613,1,Amex,Credit,6840a73ab79b8428a0ca53fd52feb1d6,02/2021,846,YES,2,$11300,08/2005,2008,No
314,c4d57141-bae9-42d1-a412-c77b67e1ba24,0,Visa,Debit,3610324cd85866a79d725a65c84c9f40,09/2015,554,NO,2,$1981,05/2010,2014,No
315,c4d57141-bae9-42d1-a412-c77b67e1ba24,1,Mastercard,Debit,27671830e0197ed8fd0c72a3db9deb93,07/2024,811,YES,1,$15695,08/2009,2010,No
316,c4d57141-bae9-42d1-a412-c77b67e1ba24,2,Mastercard,Debit,c7e28e5dc564b78e9c01ac97ccb42ff0,06/2014,605,YES,2,$23475,03/2008,2011,No
317,9eb42786-f99c-4b73-b76e-ad156f213060,0,Mastercard,Credit,f27a8fcee692f46fdad5769f4f0f9d2a,06/2017,315,YES,1,$12900,11/2001,2011,No
318,9eb42786-f99c-4b73-b76e-ad156f213060,1,Mastercard,Debit (Prepaid),7c3157543ae88f348694f6067f897b4c,02/2021,988,YES,1,$91,04/2011,2011,No
319,9eb42786-f99c-4b73-b76e-ad156f213060,2,Mastercard,Debit,5cb54873198eb357cd6dda207f3545f7,10/2022,344,YES,2,$15341,02/1999,2014,No
320,cf6b7ca5-4eba-43d7-8e99-edd412de993b,0,Mastercard,Debit,47b09eb82ffa60abf1336131e47883c6,06/2015,698,YES,2,$42116,09/2010,2011,No
321,cf6b7ca5-4eba-43d7-8e99-edd412de993b,1,Mastercard,Debit,93a62e415fc6ef3f8eb0acd7bddf56e6,01/2020,843,NO,2,$39312,01/2020,2020,No
322,07be8082-177a-4a4d-b263-522dd3d09af9,0,Visa,Debit,fe100e5595b77440f99bab984ef84cc5,04/2008,947,NO,2,$21370,06/2005,2010,No
323,07be8082-177a-4a4d-b263-522dd3d09af9,1,Amex,Credit,9844d557e3a6dcb92d9b4fbba0552c1c,12/2022,312,YES,2,$16700,10/2011,2011,No
324,07be8082-177a-4a4d-b263-522dd3d09af9,2,Amex,Credit,8c642537c1f3ea59df09acf750415ba9,10/2024,952,YES,1,$17800,11/2007,2011,No
325,07be8082-177a-4a4d-b263-522dd3d09af9,3,Mastercard,Credit,70e0adb40aa480c56efefa884e91156e,11/2020,356,YES,2,$16200,12/2007,2011,No
326,07be8082-177a-4a4d-b263-522dd3d09af9,4,Amex,Credit,63e5ab038ba58af954d66518c2c626ae,12/2020,276,YES,1,$17700,05/2011,2013,No
327,e9206e78-8dde-42d4-a384-e57a2a964b96,0,Mastercard,Credit,56626f877165e7ab53edc868e946fff6,03/2021,686,YES,1,$14600,01/2000,2012,No
328,e9206e78-8dde-42d4-a384-e57a2a964b96,1,Visa,Credit,9ee14dd3a0f8b509acd5148ac86a3b72,07/2024,490,YES,2,$10700,09/2009,2011,No
329,e9206e78-8dde-42d4-a384-e57a2a964b96,2,Mastercard,Debit (Prepaid),f19a97db3b350e796a6dc777deec856e,07/2023,137,YES,1,$89,04/2010,2010,No
330,ce71f8b5-cdba-4817-8b2d-b9cda87da0a4,0,Mastercard,Debit,1e8f1a6ebc2f2389b876ce037dda6a5b,09/2006,349,YES,3,$11398,08/2006,2013,No
331,40da85ec-19fc-464e-aa6a-7f7e7544e847,0,Mastercard,Credit,2f6e9bfa9bbcb5b7fe8152a82a3cc076,12/2023,905,YES,2,$8200,12/2008,2010,No
332,40da85ec-19fc-464e-aa6a-7f7e7544e847,1,Mastercard,Credit,f1d507da03baf003b1fb21b5e635a2c2,06/2021,479,YES,1,$6100,08/2008,2008,No
333,40da85ec-19fc-464e-aa6a-7f7e7544e847,2,Mastercard,Debit,160b4d591570c2679fe7be7d90f4b24e,07/2024,813,YES,1,$15820,06/2011,2011,No
334,57c02120-721c-4ebd-aeb2-4a593751acec,0,Mastercard,Debit,f63d7d352df8d795ed392a5d2d1218bd,08/2023,252,YES,2,$9774,02/2020,2020,No
335,22ee406b-8ce7-4bf2-9839-00c30b855584,0,Visa,Debit,6c57edb71e92eb145f09b19c84788af3,09/2023,765,YES,1,$22833,05/2013,2013,No
336,22ee406b-8ce7-4bf2-9839-00c30b855584,1,Visa,Debit,da5a3563ce8dd3b105c4025da46b49a3,11/2022,446,YES,1,$48502,01/2020,2020,No
337,22ee406b-8ce7-4bf2-9839-00c30b855584,2,Visa,Debit,bb0cd534c054555c355494ef0b6d2fa9,07/2022,461,YES,2,$34888,04/2019,2019,No
338,22ee406b-8ce7-4bf2-9839-00c30b855584,3,Visa,Debit,edac7c2d9564c672048b05491668a549,08/2019,090,NO,1,$29503,08/2014,2014,No
339,22ee406b-8ce7-4bf2-9839-00c30b855584,4,Mastercard,Debit,0374a46d69e2d23750f7b6e97794aeda,08/2021,627,YES,2,$19570,01/2019,2019,No
340,22ee406b-8ce7-4bf2-9839-00c30b855584,5,Mastercard,Debit,9c718a227be278f9832a343726e3d103,12/2023,551,YES,1,$22297,05/2017,2017,No
341,22ee406b-8ce7-4bf2-9839-00c30b855584,6,Visa,Debit,8ca867135e3d0e4f598c4060793ae741,09/2023,075,YES,1,$20031,06/2015,2015,No
342,22ee406b-8ce7-4bf2-9839-00c30b855584,7,Mastercard,Debit,d6d44e3d765cd69faad394edaf1b3e31,02/2020,597,YES,2,$30323,02/2020,2020,No
343,22ee406b-8ce7-4bf2-9839-00c30b855584,8,Amex,Credit,7b1fc5dad5215ca91a112b6a175720d6,04/2024,881,YES,1,$19000,01/2020,2020,No
344,0f035d40-1266-4433-b568-01276072e3f2,0,Mastercard,Debit,872b39068acf619622e63d5830c062d9,02/2020,308,YES,1,$18162,07/2018,2018,No
345,0f035d40-1266-4433-b568-01276072e3f2,1,Visa,Debit (Prepaid),365874264b8742a0973a172d12fa2cc8,12/2020,662,YES,1,$54,01/2020,2020,No
346,0f035d40-1266-4433-b568-01276072e3f2,2,Mastercard,Credit,370de24c5dbaab6906bc6b2692c5caa5,08/2022,991,YES,1,$8700,02/2020,2020,No
347,0f035d40-1266-4433-b568-01276072e3f2,3,Mastercard,Debit,578f78a2e6981b0dbaee7feeb7c908b2,05/2021,767,YES,1,$14295,01/2020,2020,No
348,3eb59bc9-ad58-4ad4-981a-a96a3fa067b8,0,Visa,Debit,ae5b99c1d1be35e6368a27324089228c,11/2024,545,NO,1,$17620,11/2019,2019,No
349,3eb59bc9-ad58-4ad4-981a-a96a3fa067b8,1,Mastercard,Debit,651409d293cb6ac4195423a7e5d43d83,02/2020,924,YES,2,$17201,01/2015,2015,No
350,3eb59bc9-ad58-4ad4-981a-a96a3fa067b8,2,Discover,Credit,a6e8af32e38920259445ece0aa578a6c,08/2021,894,YES,1,$8300,01/2020,2020,No
351,0e79e8c3-fd2f-4a5b-9456-bedf71616f54,0,Visa,Debit,c3ec6f6505b97ac19a62c510402cae5c,08/2023,439,YES,2,$17853,11/2008,2011,No
352,0e79e8c3-fd2f-4a5b-9456-bedf71616f54,1,Mastercard,Debit,36bf1c401990b8c2d6b62f86ca16f6fc,12/2024,434,YES,1,$10794,04/2018,2018,No
353,0e79e8c3-fd2f-4a5b-9456-bedf71616f54,2,Mastercard,Debit,8a73f7153d1a5dbfa97ffbf324389acf,12/2019,155,YES,1,$15832,11/2010,2011,No
354,46ad79c1-26f5-4f63-b6ca-8933e8f88764,0,Mastercard,Debit (Prepaid),e3b1aeb791e899e32a3bd67b70596266,10/2006,699,YES,1,$26,07/2006,2019,No
355,46ad79c1-26f5-4f63-b6ca-8933e8f88764,1,Mastercard,Credit,b779f4836674bd3442e9ba5dbbfc3ef3,05/2013,531,YES,2,$16300,11/2007,2009,No
356,11eef33a-62de-4ec9-a3c6-7e5fb435716a,0,Mastercard,Debit,81112a5838898b0f1c06f6dc5fa26e85,10/2024,228,YES,2,$14836,01/2020,2020,No
357,11eef33a-62de-4ec9-a3c6-7e5fb435716a,1,Mastercard,Debit,d1f60905246704fdc170cb772aefab05,07/2024,464,YES,2,$13972,01/2020,2020,No
358,2ba68a01-24a2-4fd4-8f60-847e5efdf64f,0,Mastercard,Debit,dbc18d81a8df8a93a1d5704c4309627c,06/2024,574,YES,1,$33103,06/2013,2013,No
359,2ba68a01-24a2-4fd4-8f60-847e5efdf64f,1,Mastercard,Debit,7401c3057ab79369c8afdd523009ee2c,09/2023,247,YES,1,$20847,08/2008,2010,No
360,2ba68a01-24a2-4fd4-8f60-847e5efdf64f,2,Mastercard,Debit,611d47b1e9f314c187413d815da369ce,11/2013,569,YES,1,$31807,10/2013,2013,No
361,2ba68a01-24a2-4fd4-8f60-847e5efdf64f,3,Visa,Credit,bf5dc5c790ef4abda8c0db99a9861930,03/2024,274,YES,1,$16100,02/2002,2014,No
362,e6c4162a-e0f0-4599-adcb-720ad25e0499,0,Mastercard,Debit,c9cee6eea52d86f90b37ad2b3db42d0a,07/2021,851,YES,1,$28894,05/2002,2011,No
363,e6c4162a-e0f0-4599-adcb-720ad25e0499,1,Visa,Debit (Prepaid),06f5c903cbd654361e43bb5183b33aa7,03/2002,084,YES,1,$61,02/2002,2009,No
364,e6c4162a-e0f0-4599-adcb-720ad25e0499,2,Visa,Credit,f562d6f4819d85a8a024902cf344a3bb,02/2023,024,YES,1,$12500,09/2010,2012,No
365,e00ffe50-789b-4c3f-8a88-8ea8267752fe,0,Mastercard,Debit,7bae18d5af9bb376575529ed5a9e8497,06/2023,598,YES,2,$15409,04/2009,2010,No
366,e00ffe50-789b-4c3f-8a88-8ea8267752fe,1,Mastercard,Credit,7c7b762a39f8eb821a97673b378028e8,08/2023,294,YES,1,$5300,10/2003,2012,No
367,e00ffe50-789b-4c3f-8a88-8ea8267752fe,2,Mastercard,Debit,b44b2b8d1b3a2cf03ceb02b5f210175d,12/2016,403,YES,1,$13469,05/2006,2009,No
368,44cc4293-be24-452f-8a92-be5750ddd38a,0,Mastercard,Debit,31604c83c71125e18159520fda08936c,05/2020,719,YES,1,$16524,01/2020,2020,No
369,44cc4293-be24-452f-8a92-be5750ddd38a,1,Mastercard,Debit,d2d7813cdc08dbfbea5bac8a1e3bde48,01/2020,570,NO,1,$29526,01/2020,2020,No
370,44cc4293-be24-452f-8a92-be5750ddd38a,2,Mastercard,Debit,c811eb25cc03c2adf6c9d3bbc9bd04ff,07/2023,657,YES,1,$16407,02/2020,2020,No
371,4808969f-e812-4680-b7f9-02ef0ed4924e,0,Mastercard,Debit (Prepaid),b187e23bdc1fa9e4e18046cbdf3f551f,04/2023,206,YES,2,$61,06/2008,2015,No
372,4808969f-e812-4680-b7f9-02ef0ed4924e,1,Mastercard,Debit,bc4818af83efb29784ab31d3fe71d432,11/2020,827,YES,2,$40628,10/2009,2014,No
373,4808969f-e812-4680-b7f9-02ef0ed4924e,2,Mastercard,Debit,4889cd2a3cebb71c50c40a6b80de54ca,08/2010,149,YES,2,$24980,04/2008,2014,No
374,387ce3f0-ef3c-4aae-8877-279e88b9381a,0,Mastercard,Debit,229681ad22a1a3d8b13a0114276f5684,05/2020,122,YES,1,$10290,02/2020,2020,No
375,387ce3f0-ef3c-4aae-8877-279e88b9381a,1,Mastercard,Debit (Prepaid),50a5f054ddd79e0e272b5f74e2aeb779,01/2023,217,YES,1,$84,10/2018,2018,No
376,a400b866-7e0e-4107-a362-4b01631999bc,0,Visa,Debit,0435431ec18d4880c0f9fe40d75c4e59,12/2018,597,YES,1,$13725,03/2007,2014,No
377,a400b866-7e0e-4107-a362-4b01631999bc,1,Visa,Debit,335859ee702083f64e683005333df097,12/2024,821,YES,2,$8278,09/2008,2010,No
378,a400b866-7e0e-4107-a362-4b01631999bc,2,Visa,Debit,eb46c4177a954133008270196e705888,09/2020,491,YES,2,$13514,06/2009,2018,No
379,a400b866-7e0e-4107-a362-4b01631999bc,3,Mastercard,Credit,d586fd4d878294097479a5db2762c384,11/2024,883,YES,1,$3800,04/2011,2011,No
380,4bc08e07-7484-4b6d-b2dd-781522e98b97,0,Mastercard,Debit,7b8ec50ae932366fc183e1607799fa44,10/2024,603,YES,2,$15119,04/2005,2011,No
381,aac80586-3ae4-4a32-90c6-a93d6396238d,0,Mastercard,Debit (Prepaid),9ba6a0192e483a6f46ebf0eff58b3a7f,01/2021,310,YES,1,$81,01/2020,2020,No
382,aac80586-3ae4-4a32-90c6-a93d6396238d,1,Mastercard,Debit,a9bc7bbaa1f2802c38c31e88ae61f4d5,02/2020,016,YES,1,$34183,01/2020,2020,No
383,aac80586-3ae4-4a32-90c6-a93d6396238d,2,Visa,Credit,0595b1b960b1c374ce26a71938cdb389,07/2022,534,YES,1,$22200,01/2020,2020,No
384,044bd7c8-26c8-448b-a204-b94fb8de7544,0,Mastercard,Debit,5a248c483ef9f6d6ff07cbd99c91f399,02/2022,006,YES,1,$15117,02/2020,2020,No
385,044bd7c8-26c8-448b-a204-b94fb8de7544,1,Visa,Debit (Prepaid),442d3d9e524ca0bce8406581f4e0c3bb,04/2020,274,YES,2,$81,06/2010,2010,No
386,044ed7a8-f6af-4893-bb92-247551b2d00a,0,Mastercard,Debit,a59d738df343a39e6c63baa247c8f769,05/2023,744,YES,2,$1543,06/2003,2009,No
387,a61e01e1-c310-4ad6-a269-83818a0aa4c6,0,Mastercard,Debit,be57966dd34bfbef4bb459c8d9531a8b,09/2024,795,YES,1,$22821,01/2020,2020,No
388,a61e01e1-c310-4ad6-a269-83818a0aa4c6,1,Visa,Credit,556a11850351c3d7ada55830170d9780,01/2023,619,YES,1,$13200,02/2020,2020,No
389,a61e01e1-c310-4ad6-a269-83818a0aa4c6,2,Mastercard,Debit,d8e95ae8e379fcf241c3e20bafcfa134,08/2024,058,YES,1,$16330,01/2020,2020,No
390,a61e01e1-c310-4ad6-a269-83818a0aa4c6,3,Visa,Debit (Prepaid),3fa27c564f2e5f28c1bff15bb3973bcc,01/2020,916,NO,2,$39,01/2020,2020,No
391,c84753f3-ab72-4011-bb59-7f6040df87f1,0,Mastercard,Credit,7c34b4b37425bfd6cb87326415b7a5ca,11/2007,412,YES,2,$6400,11/2007,2011,No
392,c84753f3-ab72-4011-bb59-7f6040df87f1,1,Visa,Credit,84c1faac0203097e4d4958fd4c16cb87,05/2000,382,YES,1,$3500,05/2000,2007,No
393,c84753f3-ab72-4011-bb59-7f6040df87f1,2,Visa,Debit,701928ddb0070060edb4c122b1addef6,04/2023,251,YES,1,$12606,12/2018,2018,No
394,c84753f3-ab72-4011-bb59-7f6040df87f1,3,Visa,Debit,fbea7c10d333015a98d9965193212469,02/2023,579,YES,1,$9921,01/2018,2018,No
395,c84753f3-ab72-4011-bb59-7f6040df87f1,4,Visa,Debit (Prepaid),5227d1d0c0fb9baea0e2d8ebca5c28d4,05/2022,661,YES,2,$96,08/2007,2009,No
396,c84753f3-ab72-4011-bb59-7f6040df87f1,5,Mastercard,Debit,e211befe33eee5956d6bb2eb56794660,12/2024,594,YES,1,$18964,02/2003,2009,No
397,a378f45f-a2f7-4036-add6-45b3516789d7,0,Mastercard,Debit,041a1def72ede90d4991b2a67277ccea,01/2024,580,YES,2,$3711,04/2007,2013,No
398,1891c2cc-60b7-4e5d-9dbc-5a48ac9ee734,0,Mastercard,Debit,92a2ab2a1c377418b2d3fb81199dbc1a,03/2023,748,NO,1,$35279,02/2015,2015,No
399,1891c2cc-60b7-4e5d-9dbc-5a48ac9ee734,1,Visa,Credit,4d9460da42111b0ae6672671b0473b8b,07/2020,593,YES,2,$13800,11/2008,2015,No
400,1891c2cc-60b7-4e5d-9dbc-5a48ac9ee734,2,Mastercard,Debit,7658373ca4c0ddc5e61b555725d227f0,02/2022,007,YES,2,$24215,07/2002,2007,No
401,a2202cf2-7f57-4a4a-994f-271ade03fcc0,0,Visa,Credit,cdbb1fff58f744cd21196c1639a32e11,09/2024,763,YES,1,$19400,11/2007,2010,No
402,a2202cf2-7f57-4a4a-994f-271ade03fcc0,1,Visa,Debit (Prepaid),615b0505fa6e8336cbacec088a9e8f09,06/2020,059,YES,2,$30,03/2005,2014,No
403,a2202cf2-7f57-4a4a-994f-271ade03fcc0,2,Visa,Debit,a5519b9c2ac54923103b2b4d07602ea4,03/2024,543,YES,2,$17208,01/2010,2016,No
404,a2202cf2-7f57-4a4a-994f-271ade03fcc0,3,Mastercard,Credit,e419f41671c81a5d66ef0b802ccb0241,11/2004,604,YES,2,$18300,01/2001,2011,No
405,a2202cf2-7f57-4a4a-994f-271ade03fcc0,4,Mastercard,Debit,ef91b1207697f92a73db2f117a9abd4a,09/2021,126,YES,1,$51012,02/2014,2014,No
406,a2202cf2-7f57-4a4a-994f-271ade03fcc0,5,Amex,Credit,1537340ac31e66a5ba460f002a59a8d7,02/2019,686,YES,1,$15000,01/2009,2011,No
407,8fa9e60a-c541-49c5-a854-5e05655df093,0,Visa,Credit,f5c5f0db77d4480b6b2faf0d56c850da,04/2018,642,YES,1,$7600,05/2006,2009,No
408,8fa9e60a-c541-49c5-a854-5e05655df093,1,Mastercard,Debit,cd55bffccb4aad79080f22defef9fd2b,11/2023,952,YES,2,$8052,03/2005,2012,No
409,8fa9e60a-c541-49c5-a854-5e05655df093,2,Mastercard,Credit,397e9a80984013a458be89971710512f,07/2024,783,YES,1,$8600,03/2005,2007,No
410,8fa9e60a-c541-49c5-a854-5e05655df093,3,Mastercard,Debit,e47cf199da102b948caf1ed81ed6bd4a,08/2020,945,YES,2,$20128,10/2019,2019,No
411,8fa9e60a-c541-49c5-a854-5e05655df093,4,Amex,Credit,4498992cc638c0b3c682e7e6d2a4afe6,03/2023,643,YES,1,$9000,07/2008,2013,No
412,8fa9e60a-c541-49c5-a854-5e05655df093,5,Mastercard,Debit (Prepaid),094f7fddc958b371259b652b7cb64062,10/2020,849,YES,2,$91,11/2011,2012,No
413,bebf03da-6ffa-4eef-a557-e5b5e085e033,0,Amex,Credit,872519835f3c8fc50c83e8cf9eab9416,12/2024,961,YES,1,$6800,02/1996,2009,No
414,bebf03da-6ffa-4eef-a557-e5b5e085e033,1,Mastercard,Debit (Prepaid),5ae81168338e886872684c005f1af6e1,07/2011,597,YES,1,$93,05/2010,2010,No
415,bebf03da-6ffa-4eef-a557-e5b5e085e033,2,Visa,Credit,6d632697536f0724f3ea973211a7595c,01/2016,263,YES,2,$9800,03/2013,2013,No
416,bebf03da-6ffa-4eef-a557-e5b5e085e033,3,Visa,Credit,7bde76ddc5862760b9981517af97bcca,01/2021,731,YES,2,$6700,06/2010,2011,No
417,6e9c31dc-b967-4ae0-9fe7-7d2d84706858,0,Visa,Credit,9d1f9dc6f4e2d676f667b047891d7bd8,05/2023,983,YES,1,$9800,01/2006,2015,No
418,6e9c31dc-b967-4ae0-9fe7-7d2d84706858,1,Visa,Debit,d34378d9b20935a11e97670296ba7d63,01/2018,048,YES,2,$24544,06/2006,2013,No
419,6e9c31dc-b967-4ae0-9fe7-7d2d84706858,2,Mastercard,Debit,a89394cbf7e1e0179e830137be77685b,05/2023,642,YES,1,$22639,05/2008,2010,No
420,6e9c31dc-b967-4ae0-9fe7-7d2d84706858,3,Discover,Credit,2bcbbafe209c8c70888f1ce15ef1fff8,11/2023,899,YES,1,$1100,07/2015,2015,No
421,6e9c31dc-b967-4ae0-9fe7-7d2d84706858,4,Mastercard,Debit (Prepaid),54f58ed46ff2ca323cf105b86259540b,05/2016,509,YES,1,$86,04/2013,2013,No
422,5f8bd802-ff6c-4ce0-895f-da6121650a36,0,Visa,Debit,998fdafa6067c2f711b43a40ede6b9ad,08/2020,742,YES,2,$2330,04/2010,2011,No
423,5f8bd802-ff6c-4ce0-895f-da6121650a36,1,Visa,Credit,8730b9c1745fc0b4662fd409d1ade9eb,08/2020,289,YES,2,$5900,02/2020,2020,No
424,fbf5e722-0deb-4d6a-9a55-90a5659c92a6,0,Visa,Debit,d4e25bda5e8408835740e3eb3e46860a,02/2020,981,YES,2,$47372,12/2007,2008,No
425,fbf5e722-0deb-4d6a-9a55-90a5659c92a6,1,Visa,Debit,77f0706fa1a689b308a35850da294857,07/2022,447,NO,2,$28127,05/2010,2010,No
426,fbf5e722-0deb-4d6a-9a55-90a5659c92a6,2,Mastercard,Debit (Prepaid),caa9cdef0dd04df80ba921f61d0e2ef4,03/2010,553,YES,1,$28,09/2006,2006,No
427,fbf5e722-0deb-4d6a-9a55-90a5659c92a6,3,Visa,Debit,eaed1f090ab75d1768ada4f86a668454,03/2024,397,YES,2,$62081,02/2020,2020,No
428,9e459d03-a229-46d2-b3ab-784ad0d8a73b,0,Amex,Credit,744dda52b4ffe73d0a1cccba6bcf2b18,11/2022,807,YES,1,$5800,09/2011,2011,No
429,9e459d03-a229-46d2-b3ab-784ad0d8a73b,1,Visa,Credit,5fa103b6a9b2322c7469151daa4e2ec5,07/2016,408,YES,1,$6700,07/2009,2009,No
430,9e459d03-a229-46d2-b3ab-784ad0d8a73b,2,Visa,Credit,315df0d82784e1c7da05f79ef0e35c4c,02/2015,856,YES,1,$6700,03/2006,2012,No
431,9e459d03-a229-46d2-b3ab-784ad0d8a73b,3,Mastercard,Debit,f0fc78f9151ef5edb447c18c9f737e56,07/2022,087,YES,2,$1424,12/2004,2012,No
432,9f8074e1-063e-4d0b-94f9-fa53f3e93861,0,Mastercard,Debit (Prepaid),403b57d3fc3fb7bf8c16c4341b7776b5,07/2024,453,NO,1,$58,02/2020,2020,No
433,9f8074e1-063e-4d0b-94f9-fa53f3e93861,1,Visa,Credit,6c2432079d3439d5c94ff1f33d62297a,05/2009,700,YES,2,$19400,07/2006,2008,No
434,9f8074e1-063e-4d0b-94f9-fa53f3e93861,2,Visa,Debit,d023f824a5f3c0aa9a6b6b7173539129,05/2012,897,YES,2,$4052,12/2010,2013,No
435,9f8074e1-063e-4d0b-94f9-fa53f3e93861,3,Visa,Credit,065594ae481dac6303f201b99ed80c74,05/2010,955,YES,2,$9300,04/2004,2010,No
436,f48d7197-b41b-4bf8-bf3e-3f8695b7ede8,0,Visa,Credit,31b3e991e953b0896068c114c930f6ae,05/2022,405,YES,1,$9600,02/2020,2020,No
437,f48d7197-b41b-4bf8-bf3e-3f8695b7ede8,1,Mastercard,Debit,99cacf8f89537516030b983598960fa3,02/2020,024,YES,1,$16923,02/2020,2020,No
438,2b24bd6a-3255-494a-99c9-9a4c9ff55559,0,Mastercard,Credit,cf2ff79321502229fae43e03179c2489,02/2020,777,YES,1,$7700,01/2020,2020,No
439,11d4f80c-08de-4393-809b-65c68a7d0417,0,Mastercard,Debit,be0ce7bb46541123db5d6e329dd389ab,07/2022,466,YES,2,$146,02/2020,2020,No
440,c26b5f5f-9d5b-429d-bd54-8b27ebaba625,0,Mastercard,Debit,dc86102227790301412197c6ef8a4db1,03/2023,293,NO,1,$12091,05/2009,2009,No
441,c26b5f5f-9d5b-429d-bd54-8b27ebaba625,1,Mastercard,Debit,9bda5283becf60634fe3ff58bf3aad5e,11/2006,280,YES,2,$11157,09/2006,2011,No
442,c26b5f5f-9d5b-429d-bd54-8b27ebaba625,2,Visa,Credit,27066b63ae4fe8e9a4e5233f29cbf13f,07/2010,021,YES,2,$7100,12/2002,2012,No
443,c26b5f5f-9d5b-429d-bd54-8b27ebaba625,3,Mastercard,Debit,0bd09e8df04220072595f882ab6989e6,01/2012,915,YES,1,$7612,08/2010,2011,No
444,c26b5f5f-9d5b-429d-bd54-8b27ebaba625,4,Visa,Credit,6db4bbbfd378a2b36255e0e375d1a2f6,12/2021,009,YES,2,$6100,02/2013,2013,No
445,01c0d742-95e2-4e9a-a9e9-f7f0ec82ecb0,0,Visa,Debit,6e39869d036bb2bfe6044cf7924254de,07/2023,384,YES,2,$27706,12/2008,2008,No
446,01c0d742-95e2-4e9a-a9e9-f7f0ec82ecb0,1,Mastercard,Debit (Prepaid),494dac23a7c9b9f43ef8480740987056,04/2009,851,NO,2,$45,03/2008,2009,No
447,01c0d742-95e2-4e9a-a9e9-f7f0ec82ecb0,2,Mastercard,Debit,6d35487d334f3a40b4fb2dde0da59112,05/2021,732,NO,2,$2046,02/2000,2008,No
448,01c0d742-95e2-4e9a-a9e9-f7f0ec82ecb0,3,Mastercard,Credit,ed77bb6d05627afbafe343597aab8c99,10/2024,929,YES,1,$17400,09/2012,2012,No
449,01c0d742-95e2-4e9a-a9e9-f7f0ec82ecb0,4,Mastercard,Debit,38c3c7dbe306b2d12fdbc26603a20b19,05/2020,648,YES,1,$26231,12/2008,2008,No
450,533dab3e-c582-4b98-bdb6-573f397c3ce9,0,Visa,Credit,6d60dc8b4c66c6866c0eba35a8a1e92d,02/2009,692,YES,2,$18300,06/2007,2010,No
451,533dab3e-c582-4b98-bdb6-573f397c3ce9,1,Visa,Credit,f078cee505877c80255cab6a86956666,05/2016,644,YES,2,$13900,07/2001,2014,No
452,725f1bd7-afc1-485c-8bf4-448c6e69995c,0,Mastercard,Credit,4c237a36ee47fe89daed25d7a94887c2,08/2022,113,YES,2,$17200,06/1999,2013,No
453,725f1bd7-afc1-485c-8bf4-448c6e69995c,1,Visa,Debit,3ba1ea69d7d81e6f4fa75222ba9f3070,06/2023,619,YES,2,$14217,10/2006,2012,No
454,725f1bd7-afc1-485c-8bf4-448c6e69995c,2,Mastercard,Debit,3344a6826ce00b2f006ac8ea8e6d6cf4,03/2024,472,YES,2,$39533,04/2007,2016,No
455,725f1bd7-afc1-485c-8bf4-448c6e69995c,3,Mastercard,Debit,f60706e825e0f27ed31b1001938b2464,04/2023,262,YES,2,$3141,08/2008,2013,No
456,725f1bd7-afc1-485c-8bf4-448c6e69995c,4,Visa,Credit,55d3be38da018fb50e09c36174773eab,11/2022,050,YES,2,$12800,04/2014,2014,No
457,725f1bd7-afc1-485c-8bf4-448c6e69995c,5,Mastercard,Debit,7edcf3126f747267daf8e8485a85b030,01/2020,187,NO,1,$38342,09/2010,2010,No
458,3eca5241-320c-4ee2-9fcb-75580427e462,0,Mastercard,Credit,2ccd7bafe3e1217fefd1a219be1d1cb6,01/2020,704,YES,1,$3000,01/2020,2020,No
459,2151d38e-cafc-43eb-80e9-70f08fa0761b,0,Visa,Debit,84a633da221cf25c1b741654a0c5f974,12/2020,125,NO,1,$16486,02/2020,2020,No
460,09766db1-c79b-4e91-97d5-2a79ee56bb4e,0,Mastercard,Debit,aed219f6b3aab07fbf2682b66d6dd4dc,05/2024,684,YES,2,$28868,01/2020,2020,No
461,09766db1-c79b-4e91-97d5-2a79ee56bb4e,1,Mastercard,Debit,02b144191325c93fe7b4982316e1ea3d,02/2021,998,YES,1,$51836,01/2020,2020,No
462,239da2f2-1a08-4b4d-85e1-4360f1c37b12,0,Visa,Credit,1ec553bbd09cd5f2fab9fef07ed3dab6,09/2021,748,YES,2,$8900,02/2020,2020,No
463,239da2f2-1a08-4b4d-85e1-4360f1c37b12,1,Mastercard,Credit,abd11002a369ce1fd8b845ba0c472c0e,02/2020,303,YES,1,$9900,02/2020,2020,No
464,239da2f2-1a08-4b4d-85e1-4360f1c37b12,2,Visa,Debit,f358139b9b95ae1d6732b26ba6a53066,02/2020,711,YES,1,$22935,01/2020,2020,No
465,239da2f2-1a08-4b4d-85e1-4360f1c37b12,3,Visa,Credit,20c2cb4500aa4c764d09c0fce57ad690,10/2023,582,YES,2,$7900,02/2020,2020,No
466,239da2f2-1a08-4b4d-85e1-4360f1c37b12,4,Mastercard,Debit,e48d1cff69bac245a72a54cdad7e0817,02/2020,969,YES,1,$17336,12/2014,2014,No
467,45ade211-1ddb-4ec2-89af-217b6ba90f8f,0,Visa,Debit,7c928d9c531d333336d879b269805935,03/2021,268,YES,2,$20206,07/2011,2011,No
468,45ade211-1ddb-4ec2-89af-217b6ba90f8f,1,Visa,Credit,f692415775c44fa50b772a316911c05e,10/2023,598,YES,2,$9900,01/2018,2018,No
469,45ade211-1ddb-4ec2-89af-217b6ba90f8f,2,Mastercard,Debit (Prepaid),d8610611be59493c73dd8ef930dc8640,11/2021,853,NO,1,$78,01/2012,2012,No
470,45ade211-1ddb-4ec2-89af-217b6ba90f8f,3,Mastercard,Debit,d5d3c7aa6c9f2a5de3eddcd5e0288cc9,05/2023,623,YES,1,$17335,11/2010,2010,No
471,45ade211-1ddb-4ec2-89af-217b6ba90f8f,4,Visa,Credit,53d7b492d99ddf7f335afdc73c179610,06/2024,140,YES,1,$9700,01/2003,2020,No
472,1096162d-79b5-484e-a9e1-3ee7c205af14,0,Visa,Debit,51303fc915030c00331f2ec700e5b6b4,06/2021,971,NO,2,$25048,12/2004,2010,No
473,1096162d-79b5-484e-a9e1-3ee7c205af14,1,Visa,Debit,ef589a261104fd60cbfb48f624466b86,12/2014,322,YES,1,$25214,03/2014,2014,No
474,1096162d-79b5-484e-a9e1-3ee7c205af14,2,Mastercard,Debit,9e97e56731d944fd1030446dbe0d1f81,04/2023,226,YES,1,$33580,02/2020,2020,No
475,cc75fb36-3951-4438-8231-245456a5f31c,0,Visa,Debit,9f70503205c182a84acadfbc93ecd42e,04/2013,684,NO,2,$1952,03/2011,2011,No
476,4bd8026e-82d7-4b00-a7a0-bb15fc1fe531,0,Mastercard,Debit,1b25ba80e66c4d5dda0305a34fa5b5d5,05/2023,996,YES,1,$18491,07/2009,2011,No
477,4bd8026e-82d7-4b00-a7a0-bb15fc1fe531,1,Visa,Credit,843b0694f8e17b976add535a2bc273ae,02/2013,509,YES,1,$9800,08/2010,2014,No
478,4bd8026e-82d7-4b00-a7a0-bb15fc1fe531,2,Mastercard,Credit,9d57c9c6beed192292a3d1b7fad46270,12/2021,092,YES,1,$0,12/2009,2010,No
479,3fa73528-7ee2-4b4c-a166-8c003bf7721f,0,Mastercard,Debit,9960845f78bc466d8c020c449347e5c4,09/2023,447,YES,1,$5857,01/2011,2012,No
480,3fa73528-7ee2-4b4c-a166-8c003bf7721f,1,Visa,Debit,734bc66e2bfe1b8c5541047bc9e9a9f5,06/2020,869,YES,2,$10366,10/2007,2014,No
481,3fa73528-7ee2-4b4c-a166-8c003bf7721f,2,Visa,Debit,b2e6b22fa56ccb84dd6387a6e9a98c93,01/2024,109,YES,1,$10161,04/2004,2008,No
482,3fa73528-7ee2-4b4c-a166-8c003bf7721f,3,Mastercard,Debit,fd242a09ca67b178690809b211a065e9,04/2021,316,YES,2,$9297,01/2005,2012,No
483,3fa73528-7ee2-4b4c-a166-8c003bf7721f,4,Visa,Debit,f1b231696250a0555a279d945b9f3292,09/2021,199,YES,1,$12434,07/2003,2012,No
484,0475ebfd-3a80-4c3a-a7b4-540df95bf197,0,Mastercard,Debit,4786e2c34a6e32192b624a80710705d1,04/2020,300,YES,2,$29973,11/2010,2010,No
485,0475ebfd-3a80-4c3a-a7b4-540df95bf197,1,Visa,Debit,d487af86bed1c39d2142de28b0403e4c,02/2020,154,YES,2,$25330,09/2015,2015,No
486,0475ebfd-3a80-4c3a-a7b4-540df95bf197,2,Visa,Debit,c1eb93d6fdbcadc6d8a6f4b6159aedc2,04/2020,286,YES,2,$52609,04/2006,2010,No
487,0475ebfd-3a80-4c3a-a7b4-540df95bf197,3,Visa,Credit,ca2195b64a7fa5dfe1235ad7ee6f8c96,10/2020,827,YES,1,$25200,12/2006,2016,No
488,9f705e51-da8f-4edd-86e4-a3552c7a0e58,0,Visa,Debit,2c471fc6ce0d62ec9aa40848066fa8a3,11/2022,747,YES,1,$11832,12/1996,2007,No
489,9f705e51-da8f-4edd-86e4-a3552c7a0e58,1,Visa,Credit,fbf0cfd9ebb308ea98b02323843ded16,08/2016,446,YES,1,$5400,04/2008,2013,No
490,9f705e51-da8f-4edd-86e4-a3552c7a0e58,2,Mastercard,Debit,c80342094a970ddbc1c9c32ee29d4191,01/2024,939,NO,1,$3384,06/2009,2009,No
491,616351b3-f414-4016-bde3-f9ba1f55be5c,0,Mastercard,Debit,05a24701539e6f9d7a0aa5ef9f874623,04/2014,946,YES,1,$13756,06/2012,2012,No
492,616351b3-f414-4016-bde3-f9ba1f55be5c,1,Mastercard,Debit,7c8dc99a02ffa248193a6ccfe2aa6e7d,06/2022,312,YES,1,$9263,01/2006,2010,No
493,616351b3-f414-4016-bde3-f9ba1f55be5c,2,Mastercard,Debit,8ba2d9c1d07441b4dea30e23cab95de0,12/2024,779,YES,1,$16899,04/2014,2014,No
494,616351b3-f414-4016-bde3-f9ba1f55be5c,3,Visa,Credit,8db00b05a9a0d548812041fe28016c8c,01/2022,424,YES,1,$5700,06/2004,2012,No
495,616351b3-f414-4016-bde3-f9ba1f55be5c,4,Mastercard,Debit (Prepaid),d29732f03f5699f60647ce64ea466758,05/2021,513,YES,1,$46,03/2007,2012,No
496,3806542f-f330-4ff5-88d6-a41297cadcc7,0,Mastercard,Credit,b93c9c00d5b292fe099c9085a5b09aa3,01/2024,474,YES,2,$11400,02/2020,2020,No
497,4f043e98-e5ab-4510-825b-6469c3f9c3c9,0,Mastercard,Debit (Prepaid),76c659d9c742dccc7cd34624e3947b22,08/2022,245,YES,1,$95,11/2011,2011,No
498,4f043e98-e5ab-4510-825b-6469c3f9c3c9,1,Mastercard,Credit,f6e2f2a7acc2e4d615eab273aca7d848,06/2023,559,YES,2,$10700,02/2007,2015,No
499,4f043e98-e5ab-4510-825b-6469c3f9c3c9,2,Amex,Credit,08de867d5eeb7c99e73b1296e63fabc1,02/2024,524,YES,1,$8700,06/2011,2011,No
500,4f043e98-e5ab-4510-825b-6469c3f9c3c9,3,Visa,Debit,db3e681c4b7b77b19e99c86303becb9b,01/2022,347,YES,2,$12150,06/2004,2008,No
501,a58f8890-50e5-44ae-9171-796804956add,0,Discover,Credit,0ffdc3e7c9cee410e5cf7a09ac610ef9,03/2019,499,YES,1,$7800,06/2017,2017,No
502,a58f8890-50e5-44ae-9171-796804956add,1,Visa,Debit,0301d644c966175e9f11cb328a0e4d81,10/2013,748,NO,1,$13761,02/2013,2013,No
503,98e70908-b6e8-405f-abdf-924386489332,0,Visa,Debit,5725e7f86ce8b10dc10e5b2ae4f7a216,06/2020,662,YES,2,$45377,07/2010,2011,No
504,91a95b54-e841-4ea9-b1ee-32ce9ae1ddae,0,Mastercard,Debit,ae9452231635599ec43b1b420e6f8d7f,01/2020,454,YES,1,$18091,01/2020,2020,No
505,91a95b54-e841-4ea9-b1ee-32ce9ae1ddae,1,Mastercard,Debit,1656e08b86b8d8e6ee542b52f2d41d2b,12/2022,211,YES,1,$14514,01/2020,2020,No
506,9e589c13-f111-4e08-8301-00ad98a46424,0,Mastercard,Credit,b4ad1c99f5869b67187a0c22e12bdca7,03/2022,749,YES,1,$15900,02/2020,2020,No
507,9e589c13-f111-4e08-8301-00ad98a46424,1,Visa,Credit,4a777ad9014163411e010dacc001beed,12/2020,999,YES,1,$13000,01/2020,2020,No
508,9e589c13-f111-4e08-8301-00ad98a46424,2,Visa,Debit,8d73e56393c984d9ca27d24aaf40ef55,09/2021,778,YES,2,$17905,01/2020,2020,No
509,5d295bcd-cdb2-4627-b4a6-67b554b64363,0,Visa,Credit,4a69e4e4e59a539a8e3b7087a6c0cf41,07/2022,244,YES,2,$7000,11/2010,2011,No
510,5d295bcd-cdb2-4627-b4a6-67b554b64363,1,Visa,Credit,5528d68913d07c5369bed6e2be7b99dc,07/2020,012,YES,3,$7100,04/2010,2010,No
511,5d295bcd-cdb2-4627-b4a6-67b554b64363,2,Mastercard,Debit,12cbac615d8581151c83d5a0b3a12e46,06/2024,245,YES,2,$16476,05/2005,2008,No
512,5d295bcd-cdb2-4627-b4a6-67b554b64363,3,Visa,Credit,001c081a96de3838fbf2572165fa62af,10/2009,257,NO,2,$7200,12/2006,2011,No
513,ca2bcd04-a0c5-4a79-a1af-f46e2c0391f6,0,Mastercard,Credit,87926fbcc0ba30110336c2ef884e1fe1,10/2017,671,YES,1,$11800,12/2010,2011,No
514,ca2bcd04-a0c5-4a79-a1af-f46e2c0391f6,1,Mastercard,Debit,6bf768a89bd6282a6cc2d938bcc1c343,12/2018,405,YES,2,$6832,08/2010,2015,No
515,ca2bcd04-a0c5-4a79-a1af-f46e2c0391f6,2,Mastercard,Debit,1be1fbc9e9eaa1b35d08795e48f2e309,12/2023,387,YES,2,$6222,09/2009,2009,No
516,b706d776-7d4c-4e2f-ba35-3cdb771301b8,0,Amex,Credit,43c7b907af209aae45d171b1aed0febe,03/2024,251,YES,1,$13300,05/2007,2015,No
517,b706d776-7d4c-4e2f-ba35-3cdb771301b8,1,Visa,Debit,448a4c5fb5df5d80497eac261e4c4dda,08/2023,049,YES,2,$2942,12/2003,2014,No
518,b706d776-7d4c-4e2f-ba35-3cdb771301b8,2,Visa,Debit,7655eb3f0df44919a097ca10ae7e8469,12/2022,297,YES,2,$33539,06/2005,2018,No
519,087d7601-5cf6-415b-b9d3-70de3847ed44,0,Visa,Credit,c1d5de357f0c01cef7cb967b3a5eeea1,04/2023,938,YES,2,$14000,02/2020,2020,No
520,087d7601-5cf6-415b-b9d3-70de3847ed44,1,Visa,Debit,5a11a93cb7ba8c3ddb6646547890ce3b,06/2024,388,YES,1,$20160,01/2020,2020,No
521,e8a3823d-3331-43ac-8791-d6f2a16ad65e,0,Mastercard,Debit,0efc82d070b68ad46e8326c46bfd316b,03/2022,907,YES,1,$35466,01/2020,2020,No
522,e8a3823d-3331-43ac-8791-d6f2a16ad65e,1,Visa,Debit,648f71bc99c8005064697c7b449dce79,02/2020,318,YES,2,$24677,02/2020,2020,No
523,e8a3823d-3331-43ac-8791-d6f2a16ad65e,2,Visa,Debit,e17c05d5f51d4501bacb71c8968a242c,02/2020,080,YES,1,$16520,02/2020,2020,No
524,870b1052-4546-4ce0-99a4-01059633f930,0,Visa,Debit,46cc3bd1da488837137dc0a522e40e67,04/2008,150,YES,2,$6708,10/2005,2013,No
525,870b1052-4546-4ce0-99a4-01059633f930,1,Mastercard,Credit,32e78892c8db1e4f1a96389fb8804965,10/2022,871,YES,1,$1200,01/2014,2014,No
526,870b1052-4546-4ce0-99a4-01059633f930,2,Visa,Debit,32a45c0754547b06d22253af7ff188b5,06/2022,512,YES,1,$10903,08/2011,2011,No
527,870b1052-4546-4ce0-99a4-01059633f930,3,Mastercard,Debit,284116b00be1d545a2ee96928c86842b,10/2021,728,YES,1,$6710,02/2013,2013,No
528,870b1052-4546-4ce0-99a4-01059633f930,4,Mastercard,Debit,ea52b45ffd3eb1cc402ac38dd8208a5c,05/2024,580,YES,2,$10841,11/2017,2017,No
529,941d73e8-1b05-46e4-8384-214182a5a2f8,0,Visa,Debit (Prepaid),2800f24524cd965d83bd8c867b56af21,11/2024,204,YES,1,$40,01/2020,2020,No
530,941d73e8-1b05-46e4-8384-214182a5a2f8,1,Mastercard,Debit,8d0f13620719e0596f5760fc08888a69,05/2023,492,YES,2,$29340,05/2008,2010,No
531,941d73e8-1b05-46e4-8384-214182a5a2f8,2,Amex,Credit,8c2ef7ad4597364b66fb9fb8c31ad745,06/2020,070,YES,2,$13600,06/2018,2018,No
532,941d73e8-1b05-46e4-8384-214182a5a2f8,3,Mastercard,Credit,c3c9d59423b3498c539c305605cf15e1,09/2022,862,YES,2,$7700,05/2010,2010,No
533,4e8e7366-0923-46c6-b5d2-a118aff15d12,0,Mastercard,Debit,f4614a137c9e219b1f11f0069ea665c9,11/2021,934,YES,1,$18803,11/2004,2008,No
534,4e8e7366-0923-46c6-b5d2-a118aff15d12,1,Mastercard,Debit,d1d29b9e26682b3a61b6bc484c2ecf2c,10/2022,314,YES,2,$28405,06/1998,2008,No
535,4e8e7366-0923-46c6-b5d2-a118aff15d12,2,Mastercard,Debit,13172b52b1843b02b2ac89d9dcee12bf,04/2011,892,YES,1,$15521,02/2011,2011,No
536,68947879-d464-422e-a8f2-2e398d21882d,0,Visa,Credit,3e39bcd8919fb2506ad06ff05cf8edd5,06/2021,412,YES,1,$3800,01/2001,2003,No
537,68947879-d464-422e-a8f2-2e398d21882d,1,Visa,Credit,a1f0aba2264f3ca39cae8f865d932b16,10/2022,498,YES,2,$10900,06/2010,2013,No
538,68947879-d464-422e-a8f2-2e398d21882d,2,Mastercard,Debit,964d1542694422b47c24bd48e3c2b7b6,03/2023,431,YES,2,$1930,01/2008,2015,No
539,68947879-d464-422e-a8f2-2e398d21882d,3,Discover,Credit,e79e21ab5ade2a4964a690d5ae0bd4bf,03/2024,288,YES,2,$13900,08/2014,2014,No
540,03625f24-31c9-4e60-b3ad-4d7625985890,0,Mastercard,Debit,d4950665a4e9e126c1d4656af9e5f06f,03/2024,143,YES,1,$5575,01/2010,2010,No
541,03625f24-31c9-4e60-b3ad-4d7625985890,1,Amex,Credit,28e9eb5ec9039a5192e7c203051b0620,05/2023,369,NO,2,$8300,04/2016,2016,No
542,03625f24-31c9-4e60-b3ad-4d7625985890,2,Visa,Debit,aebd0cfe62a3cb7bd96c6701291f6e82,05/2020,127,YES,1,$13009,01/2009,2009,No
543,03625f24-31c9-4e60-b3ad-4d7625985890,3,Mastercard,Debit,73021f86d748d579d191ccd2dc2d006d,12/2024,696,YES,2,$12029,01/2020,2020,No
544,03625f24-31c9-4e60-b3ad-4d7625985890,4,Visa,Credit,d1bdd3838bcd20a16aba72671c770bb3,08/2022,294,YES,1,$6100,01/2020,2020,No
545,2d426040-d8c4-418b-aff1-223ef52e5f38,0,Visa,Debit,84cc8e3ccfb5eb07f35fa67b42cc613c,10/2022,653,YES,1,$24123,08/2013,2013,No
546,2d426040-d8c4-418b-aff1-223ef52e5f38,1,Visa,Credit,a02097eafcd6e5b200784f57600e9133,03/2015,074,YES,1,$14700,02/2008,2010,No
547,2d426040-d8c4-418b-aff1-223ef52e5f38,2,Visa,Debit (Prepaid),6530af87fab5a5399d0a306606c60b8c,02/2020,221,YES,2,$12,12/2006,2013,No
548,2d426040-d8c4-418b-aff1-223ef52e5f38,3,Visa,Debit,d7ab016e5fd372cbaeff458e2e48cf41,07/2020,290,YES,1,$11737,09/2004,2009,No
549,9f8403dc-402c-4354-ba32-4e3c6cceec2e,0,Visa,Debit,5a3853d08142a6afa79107d1763ee804,01/2024,246,YES,1,$14366,03/1997,2008,No
550,9f8403dc-402c-4354-ba32-4e3c6cceec2e,1,Mastercard,Debit,13860fe21e26d17f3837df9a81b9b07e,08/2015,246,YES,1,$17272,01/2015,2015,No
551,9f8403dc-402c-4354-ba32-4e3c6cceec2e,2,Mastercard,Debit,4c6a7005632aede54c49d27f7d9efd93,11/2023,372,YES,2,$13605,07/2002,2009,No
552,85f953f4-cece-4a54-bfce-fd8cd9e83071,0,Visa,Credit,3bbf72b90be8a5eeba796f61513c1233,05/2023,975,YES,1,$21000,07/2005,2009,No
553,bc59508b-509e-45f2-9986-3cdaa5c129d0,0,Mastercard,Debit,c1fc3c47e5807f86f94743d7424bb180,05/2024,930,YES,2,$21470,02/2020,2020,No
554,071edb4c-449c-4bdd-b776-25e3b5d12704,0,Visa,Debit,d763c79c323d0cf43d8ca8c02507b0df,12/2017,718,YES,1,$26850,09/2017,2017,No
555,071edb4c-449c-4bdd-b776-25e3b5d12704,1,Visa,Credit,07c0ac370715ee87b6d283aecdfdc4ee,09/2024,817,YES,2,$10400,02/2009,2010,No
556,071edb4c-449c-4bdd-b776-25e3b5d12704,2,Visa,Credit,70845c360e17ebe7a9a049a97554f17a,07/2008,328,YES,2,$8000,10/2007,2011,No
557,071edb4c-449c-4bdd-b776-25e3b5d12704,3,Visa,Credit,406c276d061e04b545b0cdf3a5480c41,01/2020,701,YES,2,$13000,04/2000,2010,No
558,071edb4c-449c-4bdd-b776-25e3b5d12704,4,Mastercard,Debit,0681b81ea7c96eb9a8ae12fdf2fed4f8,03/2020,147,YES,1,$5840,07/2006,2009,No
559,071edb4c-449c-4bdd-b776-25e3b5d12704,5,Mastercard,Debit (Prepaid),50f54193b3b89a1e66408e49f4e6aa0e,02/2012,293,YES,2,$68,03/2008,2012,No
560,4da2ea1d-2b02-4f81-a62e-5aa46ac6f2f5,0,Amex,Credit,137ec589cdfb849d169ffbdcdae872ab,10/2022,702,YES,1,$16000,09/2010,2016,No
561,4da2ea1d-2b02-4f81-a62e-5aa46ac6f2f5,1,Visa,Debit,2d7764e5b08e78ea1008f77d095721e8,03/2008,274,NO,1,$32223,06/2002,2005,No
562,4da2ea1d-2b02-4f81-a62e-5aa46ac6f2f5,2,Mastercard,Debit,f2f39260baf62e44802673da830e7b6e,01/2022,713,YES,2,$13323,10/2010,2010,No
563,4da2ea1d-2b02-4f81-a62e-5aa46ac6f2f5,3,Visa,Debit,4d21cefe46ddb4482c84319f3e6f4b5e,07/2021,945,YES,2,$576,08/2001,2011,No
564,03a0d364-2e63-4360-8080-18fb5db7596e,0,Visa,Debit,37c1b5825d3556a35d0921f79fd58600,09/2024,808,YES,1,$25977,04/2007,2009,No
565,03a0d364-2e63-4360-8080-18fb5db7596e,1,Visa,Debit (Prepaid),f5e3194414ebfd318c737362494f95d5,03/2016,126,YES,1,$84,08/2014,2014,No
566,9abed93e-f70d-4f80-bf98-e87a4478ebcf,0,Mastercard,Debit (Prepaid),00e161b710581f0af294981d5108620d,10/2021,786,YES,2,$23,09/2006,2010,No
567,9abed93e-f70d-4f80-bf98-e87a4478ebcf,1,Visa,Credit,283bfe65c2eb848bdbea97324f15309f,09/2023,454,NO,2,$5200,11/1999,2009,No
568,7f6c92ab-7f46-4146-ad93-52ebcadcb9df,0,Mastercard,Debit (Prepaid),e25aa7fb4683aa3936824215407b7682,08/2013,557,YES,2,$66,06/2006,2010,No
569,7f6c92ab-7f46-4146-ad93-52ebcadcb9df,1,Amex,Credit,64f9f7b881eff674292765f175c6a29e,06/2024,649,YES,1,$1200,10/2006,2009,No
570,7f6c92ab-7f46-4146-ad93-52ebcadcb9df,2,Mastercard,Debit,e60f68058ebafdcc2bcdc9e1a0616034,11/2020,730,YES,1,$20759,01/2007,2009,No
571,7f6c92ab-7f46-4146-ad93-52ebcadcb9df,3,Mastercard,Credit,57b32a839330011c44ee6e9bab7b9822,06/2024,558,YES,1,$15100,06/2001,2010,No
572,7f6c92ab-7f46-4146-ad93-52ebcadcb9df,4,Mastercard,Credit,9907b274ff042901d3569f10ce6f0bbb,10/2021,490,YES,1,$11100,01/2020,2020,No
573,8838e6be-68da-4da7-a9c7-6c07c75dcba5,0,Mastercard,Debit (Prepaid),8c42f218e3bc044bd219c0a3f4f86c3a,05/2022,085,YES,2,$52,01/2020,2020,No
574,d834029e-8f58-41c8-b209-d59a01b53894,0,Mastercard,Debit,9b34a3eedda4256966962713d86f5f91,08/2024,774,YES,2,$15110,09/2004,2009,No
575,d834029e-8f58-41c8-b209-d59a01b53894,1,Mastercard,Credit,1c833bad798f9ed44afad8c28cc05ddc,04/2023,830,YES,2,$10600,09/2010,2014,No
576,d834029e-8f58-41c8-b209-d59a01b53894,2,Visa,Credit,116bf0d966e2098a20fa7b8fb111b991,01/2020,785,YES,2,$8600,09/2005,2011,No
577,d834029e-8f58-41c8-b209-d59a01b53894,3,Amex,Credit,ef1c18f12ca5b24d05cb481f46aa06fb,09/2020,071,YES,2,$8400,08/2010,2012,No
578,d834029e-8f58-41c8-b209-d59a01b53894,4,Mastercard,Credit,c410a11eb7fc3827e52cb51ba7307db2,10/2022,754,YES,2,$11100,05/2014,2014,No
579,c226c4f0-f54f-4eaa-9aee-48311d63e829,0,Mastercard,Credit,53166a40dce2e977919898984af9ddfe,11/2021,058,YES,1,$2800,02/2008,2010,No
580,afde6220-d245-44ce-ad8f-2871d63b823c,0,Visa,Credit,3962e91beb03e0fbe2066619af6cbbca,09/2019,633,YES,2,$5700,12/2016,2016,No
581,afde6220-d245-44ce-ad8f-2871d63b823c,1,Visa,Debit,07ab1e13608381ef0b1746ee7fa1a797,08/2011,564,YES,1,$12252,06/2002,2010,No
582,afde6220-d245-44ce-ad8f-2871d63b823c,2,Mastercard,Debit,cf6b847a539416c9e3985978ddaf8fdf,12/2023,809,YES,1,$22420,06/2013,2013,No
583,57adce5f-d589-4010-bf8f-f1bb3fdc8672,0,Visa,Debit,91bddbaf945d366037408318151addee,09/2018,874,YES,2,$3715,10/2005,2009,No
584,57adce5f-d589-4010-bf8f-f1bb3fdc8672,1,Visa,Debit (Prepaid),d4ba5f0af866b3312c2fd9981630d441,06/2021,782,YES,1,$67,08/2009,2011,No
585,57adce5f-d589-4010-bf8f-f1bb3fdc8672,2,Visa,Debit,a81e6a7ec7035d2a818b22fc45a2c350,11/2020,362,YES,2,$26460,07/2007,2017,No
586,57adce5f-d589-4010-bf8f-f1bb3fdc8672,3,Visa,Debit,255ee8dd050631edc66c7fe9fe7ad860,11/2023,358,YES,1,$12783,09/2009,2015,No
587,19f11c2a-a73b-446b-870d-a150e8a8a13d,0,Amex,Credit,12140e23e5e13f11b8c96922692fa05b,03/2023,098,YES,2,$21400,01/2006,2011,No
588,19f11c2a-a73b-446b-870d-a150e8a8a13d,1,Visa,Credit,5e5f1f7309051dcdeb278a007b84f1db,02/2021,521,NO,2,$13600,06/2007,2007,No
589,19f11c2a-a73b-446b-870d-a150e8a8a13d,2,Mastercard,Debit,26f67867a559fc260ffe1055c3a3ff33,03/2020,810,NO,1,$46201,10/2013,2013,No
590,d8b970f7-37b6-4080-b42e-3a1bfc79045b,0,Visa,Credit,0d79094693022e66650f8e84ec730287,04/2022,303,YES,2,$7700,04/2010,2010,No
591,ce03f045-f4b8-45a6-9fcf-e3bab6009ec4,0,Mastercard,Debit,de0ba4adac7c557fa10260ba339fdfe3,01/2010,127,YES,2,$18937,10/2005,2010,No
592,3f817bcc-e6a4-4332-9d1d-7b6728af5e1d,0,Mastercard,Debit,c9c216081a3532cd5d090ceec073bff6,10/2021,975,YES,1,$14539,06/2012,2012,No
593,3f817bcc-e6a4-4332-9d1d-7b6728af5e1d,1,Mastercard,Debit,2a8b6aa1f3fbfa914b68e96f228c7123,03/2020,830,YES,2,$21723,12/2011,2011,No
594,d4ad2dc3-4c1f-4e6a-ac75-548425192bac,0,Mastercard,Debit,dce3afe1abb36611a925c4555f1f43a5,12/2023,840,YES,1,$16858,02/2020,2020,No
595,36a3b7be-2c18-44ec-8d52-9cc27d6d9fe4,0,Visa,Debit,447c8cc0cdc4efd63651efa95cc242df,09/2022,813,NO,2,$22143,02/2020,2020,No
596,36a3b7be-2c18-44ec-8d52-9cc27d6d9fe4,1,Visa,Debit (Prepaid),16b4ad0ba739a05050110221028669fb,03/2023,975,YES,2,$61,02/2020,2020,No
597,36a3b7be-2c18-44ec-8d52-9cc27d6d9fe4,2,Mastercard,Debit,c2f66b12cdc474062a83b5f533eb5acf,04/2022,793,YES,1,$15683,11/2016,2016,No
598,d69acb5b-b354-43ec-9f38-97eb2d1c707d,0,Mastercard,Debit (Prepaid),45561c86bfbb56b2ce05f831469315ba,08/2020,626,YES,1,$65,01/2020,2020,No
599,3d5a2d2b-dc58-4952-876b-f1eab289c8cb,0,Mastercard,Debit,5ba04006d5c4d95883faa05a71a566f9,04/2022,014,YES,1,$12139,09/2019,2019,No
600,3d5a2d2b-dc58-4952-876b-f1eab289c8cb,1,Visa,Debit,596a9d24d16a0c1ddf1c61f1a28dcbda,07/2021,441,YES,1,$10130,07/2001,2011,No
601,3d5a2d2b-dc58-4952-876b-f1eab289c8cb,2,Visa,Credit,e254303250e88299e0a1b71ae8931495,08/2023,043,YES,1,$7300,07/2004,2010,No
602,3d5a2d2b-dc58-4952-876b-f1eab289c8cb,3,Visa,Debit (Prepaid),916c970488fd0522fce81cf3a0b261ba,01/2012,728,NO,1,$57,11/2009,2016,No
603,3d5a2d2b-dc58-4952-876b-f1eab289c8cb,4,Visa,Credit,e6b1bc4012ba697d497707d4ebdc262e,11/2022,855,YES,1,$3800,06/2010,2011,No
604,3d5a2d2b-dc58-4952-876b-f1eab289c8cb,5,Mastercard,Debit (Prepaid),b3eb6dc010d87995a9dcfff91de3bb60,03/2021,209,YES,2,$121,07/2008,2008,No
605,bc3f46d1-a309-4ae9-ba77-63ead08294ec,0,Mastercard,Debit,f977d573ea1e2646c5fc0daf37df6a0f,11/2020,920,YES,1,$13569,02/2006,2007,No
606,694a1a5d-72a6-475c-9be8-b2c28f700d71,0,Mastercard,Debit,6f43cb558cdcc5c5079304c847732d98,02/2020,674,YES,1,$15358,01/2020,2020,No
607,44f79937-8da3-4131-b155-fc1dad54f324,0,Mastercard,Debit,42b18bb37bae9bf22a34c6ee8533e349,12/1999,627,NO,1,$9550,11/1999,2018,No
608,44f79937-8da3-4131-b155-fc1dad54f324,1,Visa,Credit,5b98845e7c917e2866392e421471e800,03/2024,027,YES,1,$17300,06/2011,2011,No
609,47becd60-ad46-4e4a-815a-3f339f9e0e64,0,Mastercard,Credit,95a7617ec5fd5d47dc62f1ccc06acb7b,02/2021,991,YES,2,$15000,08/2007,2007,No
610,47becd60-ad46-4e4a-815a-3f339f9e0e64,1,Visa,Debit (Prepaid),7a46bd8bc770f4448022b72db0d8fb1d,04/2023,730,YES,2,$106,07/2008,2008,No
611,47becd60-ad46-4e4a-815a-3f339f9e0e64,2,Visa,Credit,4534219de3d9be39080842d839f11044,04/2021,058,YES,1,$20100,03/2010,2017,No
612,47becd60-ad46-4e4a-815a-3f339f9e0e64,3,Visa,Debit (Prepaid),a01a98552015d0a2b6de8668d36e5997,12/2022,044,YES,2,$50,08/2000,2008,No
613,9d60dd76-6784-406f-8f2a-823e9c4546a7,0,Mastercard,Debit,ac4b294fbfd31bc0d43f997178a8d0c9,02/2015,356,YES,1,$10843,03/2008,2009,No
614,9d60dd76-6784-406f-8f2a-823e9c4546a7,1,Visa,Debit,5b56613d66cd892225d0ab89b238e91d,08/2023,225,YES,2,$12057,04/2014,2014,No
615,5ee39401-5c75-401a-aae3-412225b4b279,0,Mastercard,Credit,091de2b5e48c6fe79ca47f8eee172bdc,03/2022,425,YES,2,$11100,05/2019,2019,No
616,5ee39401-5c75-401a-aae3-412225b4b279,1,Visa,Debit,d4e6f455a1efa1ee4d0de7a5fac5a0e8,06/2012,902,YES,1,$13969,07/2004,2008,No
617,5ee39401-5c75-401a-aae3-412225b4b279,2,Mastercard,Credit,13785377beed85d332b09df2768dd5a2,04/2023,715,YES,1,$7600,07/2003,2017,No
618,896a7123-cff4-4b31-b50b-2826fddaa190,0,Visa,Debit,9e7024d6ca0d3818192d9ad58bbd57c6,10/2024,667,YES,1,$9578,01/2020,2020,No
619,896a7123-cff4-4b31-b50b-2826fddaa190,1,Visa,Debit,bef9f2da8a59973041f98d6421481f40,10/2023,158,YES,1,$16711,02/2020,2020,No
620,896a7123-cff4-4b31-b50b-2826fddaa190,2,Mastercard,Debit,5c09114089c5e1179f4b1687146dd9e1,11/2020,958,YES,2,$15435,12/2018,2018,No
621,896a7123-cff4-4b31-b50b-2826fddaa190,3,Amex,Credit,273fb0d0d8c9bf49f9f10b9792e9584e,06/2020,741,YES,1,$14300,01/2020,2020,No
622,f9c1e532-1003-4b69-8690-ada997a73325,0,Mastercard,Debit,d9d6e741f84371c40274e8c57562817a,04/2020,348,YES,1,$9431,04/2015,2015,No
623,f9c1e532-1003-4b69-8690-ada997a73325,1,Mastercard,Credit,e4cc7099ef34ea83fd04588d3a8fe1a8,04/2022,092,YES,1,$6100,07/2009,2012,No
624,dbb98c6d-0514-4afa-9043-43c2edc5ad9c,0,Discover,Credit,07e3dc2e2c9365171a134af953669951,09/2014,005,YES,1,$17400,10/2010,2013,No
625,dbb98c6d-0514-4afa-9043-43c2edc5ad9c,1,Mastercard,Debit,2ca611a6952b40eff4bf46f9bdca41c1,01/2024,052,YES,1,$35500,11/2006,2011,No
626,dbb98c6d-0514-4afa-9043-43c2edc5ad9c,2,Mastercard,Debit,a06f784bdb598a917f59f6e858f9a27a,08/2023,938,YES,2,$27687,06/2004,2007,No
627,ade83dde-b6b3-442b-b58a-6d0b0cfe75a0,0,Mastercard,Debit,77fbc8cc1c96b382c5ec3d0b399b6558,01/2024,500,NO,2,$40073,02/2020,2020,No
628,ade83dde-b6b3-442b-b58a-6d0b0cfe75a0,1,Mastercard,Credit,2f8f2336f3501e6fb87f9884aedd55ff,08/2023,279,YES,2,$22000,02/2020,2020,No
629,ade83dde-b6b3-442b-b58a-6d0b0cfe75a0,2,Visa,Debit,5a9533cff36f6da02345c62cb3d189ee,03/2021,287,NO,2,$8509,01/2020,2020,No
630,bb2e8060-d0a5-43c2-8605-6ac20fc488e3,0,Mastercard,Debit,efdb9bcea8a79ca7c9981adc2b1b1807,12/2018,303,YES,1,$11037,06/2013,2013,No
631,bb2e8060-d0a5-43c2-8605-6ac20fc488e3,1,Mastercard,Debit,cb137acc69143ebce342022c6fe5ea2b,10/2023,041,YES,1,$16986,03/2007,2010,No
632,bb2e8060-d0a5-43c2-8605-6ac20fc488e3,2,Visa,Credit,f0fb8cab7e2517d5c77eba95fdf6b230,03/2011,978,YES,1,$8800,10/2007,2014,No
633,bb2e8060-d0a5-43c2-8605-6ac20fc488e3,3,Mastercard,Debit,c92254895596e20a0ac116bc89f7e012,01/2024,598,YES,2,$8212,08/2010,2011,No
634,bb2e8060-d0a5-43c2-8605-6ac20fc488e3,4,Visa,Debit,6049453ef76d638b84d33fb59aa179cb,09/2023,924,YES,2,$24270,09/2007,2008,No
635,c7c24ece-4168-49f3-b19d-e643f8ad0d50,0,Visa,Debit,0cfa42cad2f807c3f6acd75419cfa68e,01/2024,388,YES,2,$12586,01/2020,2020,No
636,36e8590f-8862-49d4-b25c-ca38915a1357,0,Amex,Credit,c6244822bb019151d1c60623d3e67803,09/2019,163,NO,2,$11800,01/2018,2018,No
637,e0baed47-da58-40e5-b289-ef600525084f,0,Mastercard,Debit,58428c8d0ce2246a1848ff03ba485939,10/2021,724,NO,2,$18050,03/2003,2010,No
638,e0baed47-da58-40e5-b289-ef600525084f,1,Discover,Credit,9971fb37c66a00a064b0ff5dc7feeb31,09/2022,286,YES,2,$21800,07/2010,2011,No
639,bd931daf-4987-4d20-acbe-fdc216420742,0,Mastercard,Debit (Prepaid),bfdf4ce9c8d81bf56cf1bacbda9fa60f,04/2024,832,YES,1,$97,02/2020,2020,No
640,3881f5cf-4fa8-41fb-90ef-e5850b0cbfae,0,Amex,Credit,821852c80e88a823ccba5fba0628a0f5,05/2009,526,YES,2,$19600,04/2008,2011,No
641,3881f5cf-4fa8-41fb-90ef-e5850b0cbfae,1,Discover,Credit,de10d93fb497888f95b218af984369dd,12/2019,708,NO,2,$21900,03/2011,2011,No
642,3881f5cf-4fa8-41fb-90ef-e5850b0cbfae,2,Visa,Credit,596997a1e35594028af2ad9e6f36a3cd,12/2008,547,YES,2,$21400,11/2008,2011,No
643,3881f5cf-4fa8-41fb-90ef-e5850b0cbfae,3,Mastercard,Debit,1186f6b30accd84e284c6916e2aebeff,02/2024,231,NO,2,$34572,10/2009,2015,No
644,eb36b6e2-2e5a-4fd5-ac27-c26df81a0d3d,0,Mastercard,Credit,2dbe378fdca337aa5920335c6f70e5b9,08/2020,094,YES,2,$11700,02/2020,2020,No
645,d2651cbc-4164-49ec-a655-561979ec024d,0,Mastercard,Credit,8bd0f1ce5b16dc913de0ef866066c3e8,02/2020,459,YES,1,$8500,01/2008,2009,No
646,d2651cbc-4164-49ec-a655-561979ec024d,1,Mastercard,Debit,575fe2c3207cbf314860ca75b09cfc90,08/2021,457,YES,2,$19928,09/2009,2011,No
647,d2651cbc-4164-49ec-a655-561979ec024d,2,Mastercard,Debit,a82ada48b772627382717dae8f5865c6,01/2023,278,YES,1,$9902,11/2010,2012,No
648,ed342ad6-99a9-4a5a-bde0-e9eddbcd91c6,0,Visa,Credit,213fd903ace913ec05a46add558419dc,04/2021,598,YES,1,$11000,02/2002,2015,No
649,ed342ad6-99a9-4a5a-bde0-e9eddbcd91c6,1,Mastercard,Credit,e2ca294e8ba9f338a208d015aeef43b0,08/2023,363,YES,1,$6300,09/2010,2010,No
650,ed342ad6-99a9-4a5a-bde0-e9eddbcd91c6,2,Visa,Debit,6fccf0b3dd6952485cd5e80938a27486,12/2022,519,YES,1,$22474,08/2012,2012,No
651,ed342ad6-99a9-4a5a-bde0-e9eddbcd91c6,3,Mastercard,Debit,f886437a68f6b33ca0fd4a112df3ebbd,08/2024,195,YES,1,$24926,08/2001,2011,No
652,10d70b9b-6bd3-47b3-90b1-e9f1b6f7e850,0,Mastercard,Debit (Prepaid),3c7792b9e4cfbdac0a8235461b7d99e1,02/2020,589,YES,2,$77,02/2020,2020,No
653,1a7bb3f3-8551-45e8-aeb4-6b504fb370bc,0,Visa,Credit,18dfadfae61033ef12af5da988e798a4,02/2020,351,YES,1,$9100,01/2020,2020,No
654,1a7bb3f3-8551-45e8-aeb4-6b504fb370bc,1,Mastercard,Debit,b96086c275a345e28a8db5e2afe2b45b,07/2018,616,YES,1,$10838,12/2009,2010,No
655,1a7bb3f3-8551-45e8-aeb4-6b504fb370bc,2,Mastercard,Debit,f06b34775eee8464c9dffc4e40131690,07/2020,098,YES,1,$1940,01/2020,2020,No
656,1a7bb3f3-8551-45e8-aeb4-6b504fb370bc,3,Mastercard,Debit,01346d07768a744edbe99dcd5e6a3a8e,06/2016,877,YES,2,$100,07/2008,2008,No
657,287e4b18-eb5b-4230-a078-224a1c315185,0,Mastercard,Debit,281d46f20b7557d5cb69104ca1da7759,01/2021,938,YES,1,$23231,10/2007,2011,No
658,287e4b18-eb5b-4230-a078-224a1c315185,1,Visa,Debit,cae1c3dfa71ea8bd6c5a57f763c3b5c2,03/2009,224,YES,2,$17323,03/2005,2011,No
659,287e4b18-eb5b-4230-a078-224a1c315185,2,Visa,Credit,57ef8510bd2612913a364451782e5f5c,07/2021,719,YES,2,$11800,02/2005,2018,No
660,287e4b18-eb5b-4230-a078-224a1c315185,3,Mastercard,Credit,d26cdfad77be74b8d8352b976e857673,06/2022,897,YES,2,$6100,07/2017,2017,No
661,287e4b18-eb5b-4230-a078-224a1c315185,4,Mastercard,Debit,279b6ab867c03cc05455df469a6febe7,06/2022,320,YES,1,$18241,04/2016,2016,No
662,287e4b18-eb5b-4230-a078-224a1c315185,5,Visa,Debit (Prepaid),a0b9a8190f930fd5a28bb36978db586f,11/2007,149,NO,2,$100,05/2004,2010,No
663,fee3c997-55f6-4995-945a-506a778c1733,0,Mastercard,Credit,6be6651a9d2cc47f1217c403a5de8367,12/2007,555,YES,2,$12700,11/2007,2010,No
664,c05358f6-be78-4c0c-bc0b-0296db17001a,0,Visa,Credit,3c4275ef1c867cf31381b71359a0f80a,03/2022,931,YES,3,$4600,04/2008,2010,No
665,cd8eef68-14e3-427d-8203-ecb4f50e627a,0,Mastercard,Debit,caf1a462f974b83d8f00348deb996c7a,05/2023,686,YES,1,$21106,01/2020,2020,No
666,cd8eef68-14e3-427d-8203-ecb4f50e627a,1,Mastercard,Debit,afe7c5c199e108afa6c062aeae029ce8,02/2020,444,YES,1,$16417,02/2020,2020,No
667,cd8eef68-14e3-427d-8203-ecb4f50e627a,2,Mastercard,Credit,40d89242664ae75d4b3d9de497742c25,10/2020,029,YES,1,$6500,02/2015,2015,No
668,4e6f4eac-0f29-4269-8af4-d49487e32134,0,Mastercard,Credit,c5052ef8ee1fe25a17fd462c57197bce,08/2020,821,YES,2,$5600,01/2020,2020,No
669,1d237132-f964-4891-8472-3c3106133f36,0,Mastercard,Credit,66036437b9136239a35320076ecbdf62,07/2015,711,YES,1,$5700,03/2012,2012,No
670,1d237132-f964-4891-8472-3c3106133f36,1,Visa,Credit,393fc60399fbf91d237d085168692523,11/2022,200,YES,1,$11800,12/2011,2011,No
671,1d237132-f964-4891-8472-3c3106133f36,2,Visa,Credit,d274593f98853902df6ff150b987ccd0,05/2022,313,YES,2,$20700,02/2007,2007,No
672,1d237132-f964-4891-8472-3c3106133f36,3,Mastercard,Debit,ad5dcb00d3e95b5998b9a279d0355069,02/2021,906,YES,2,$17587,02/2016,2016,No
673,d3b9d76f-b86e-4546-888c-c95a98f1b064,0,Visa,Debit,e7db761c0725979c24ffcdd080a2e918,01/2021,040,YES,2,$24651,10/2009,2015,No
674,d3b9d76f-b86e-4546-888c-c95a98f1b064,1,Visa,Debit,c6b7e078a21ea0dd4a91abf2c781540e,02/2020,610,YES,2,$27727,12/2003,2009,No
675,34342ce3-e578-4047-bb36-3fdd15a97ae9,0,Mastercard,Debit,1d8df52211fefe53579e279817936b95,12/2023,102,YES,1,$21727,11/2008,2008,No
676,34342ce3-e578-4047-bb36-3fdd15a97ae9,1,Visa,Credit,3ca0e75fb38ae337c094470be3ece90f,08/2023,554,YES,1,$13900,12/2010,2010,No
677,34342ce3-e578-4047-bb36-3fdd15a97ae9,2,Mastercard,Credit,c55d1af276f47e5885747907ffc16170,05/2022,923,YES,2,$10300,07/2019,2019,No
678,a99b3636-01cb-420f-a550-7954dd584157,0,Visa,Debit (Prepaid),cf748f18cd2c7726bfd834b9103a0a9d,11/2024,957,YES,1,$16,01/2020,2020,No
679,ac47d156-447d-457c-bf00-6ff5f38c816e,0,Visa,Debit,662e542fcd07baa0cb120907d0102938,04/2024,090,YES,1,$9146,01/2020,2020,No
680,ac47d156-447d-457c-bf00-6ff5f38c816e,1,Mastercard,Credit,2d6e12e5cf3c7d825dcdd3ef44fc5957,02/2020,633,YES,2,$5000,02/2020,2020,No
681,86a18c35-b075-45f4-ad2e-c650d635b474,0,Mastercard,Debit,afbafd4c001bb98a0ccb0d3270de440f,07/2016,047,YES,1,$17895,04/2016,2016,No
682,86a18c35-b075-45f4-ad2e-c650d635b474,1,Visa,Debit (Prepaid),18f53f6763acc8267034710974e212a5,01/2022,921,YES,1,$59,08/2011,2011,No
683,86a18c35-b075-45f4-ad2e-c650d635b474,2,Visa,Credit,65cab1647d31a066d037bc65799b4e85,07/2022,905,YES,1,$11800,02/2004,2013,No
684,9ce841f3-7646-465d-b03d-1d2381b81c6b,0,Mastercard,Debit (Prepaid),d069b721abb7435a66c9702bddabdcc5,10/2016,358,YES,2,$74,03/2012,2012,No
685,9ce841f3-7646-465d-b03d-1d2381b81c6b,1,Mastercard,Debit,848f3671f1424107407b2d298d5def0d,05/2020,104,YES,1,$13168,08/2001,2007,No
686,9ce841f3-7646-465d-b03d-1d2381b81c6b,2,Mastercard,Debit,b3e5b6f595cfa7720e6b3a00c755eae1,07/2006,928,YES,1,$12431,04/2005,2007,No
687,e97499ee-fa36-4934-97f7-85a5c2cfa477,0,Mastercard,Debit,e7fcd6f361218f538e5653263794bccc,02/2020,488,YES,2,$21478,02/2020,2020,No
688,e97499ee-fa36-4934-97f7-85a5c2cfa477,1,Mastercard,Debit,f3e7f00f247c8b6054739826e32ce1cf,06/2022,792,YES,2,$4583,09/2006,2015,No
689,e97499ee-fa36-4934-97f7-85a5c2cfa477,2,Visa,Debit (Prepaid),276ba78dd7a8a90f9ea9b4b8e14766e6,02/2020,950,YES,1,$11,02/2020,2020,No
690,e36807f4-af4c-4825-92e0-883517419921,0,Visa,Credit,279e688ce23cb9d08bd37273c1150ed6,07/2020,644,YES,1,$5800,10/2007,2013,No
691,e36807f4-af4c-4825-92e0-883517419921,1,Mastercard,Debit,3a853a40bc20a0aeae385427c26dfe7f,01/2013,029,YES,2,$2704,05/2006,2013,No
692,e36807f4-af4c-4825-92e0-883517419921,2,Mastercard,Debit,b821c93f5137fbcdc3e2462a6bba38af,04/2021,982,NO,1,$7581,07/2005,2014,No
693,df4a9a7c-f812-425d-b2fc-ecaaa5c4f098,0,Visa,Credit,c6d2969ddaefa859409add41b4e12d6f,02/2020,211,NO,1,$10200,02/2020,2020,No
694,df4a9a7c-f812-425d-b2fc-ecaaa5c4f098,1,Mastercard,Debit,decacf14d1e3311dabae74a832ecd6ad,10/2022,565,YES,1,$9984,01/2020,2020,No
695,df4a9a7c-f812-425d-b2fc-ecaaa5c4f098,2,Visa,Debit,38f15a1f70eb592c80b38ef38c9a902e,04/2022,864,YES,2,$2174,02/2020,2020,No
696,df4a9a7c-f812-425d-b2fc-ecaaa5c4f098,3,Visa,Credit,f3974d7c9cd2b1d6059b9fc23a7ee54e,03/2023,701,YES,2,$200,01/2020,2020,No
697,3f0e2d01-27e7-4f8b-b027-6a47e76de5a3,0,Mastercard,Credit,f1a1af0b556f00f3b1f1df8b5f195fdb,04/2021,874,YES,2,$7900,02/2020,2020,No
698,3f0e2d01-27e7-4f8b-b027-6a47e76de5a3,1,Visa,Debit,69338a4e71de05855cd8450a82e46a7e,03/2020,892,NO,1,$20827,04/2011,2011,No
699,3f0e2d01-27e7-4f8b-b027-6a47e76de5a3,2,Mastercard,Debit (Prepaid),43ffc567d6eb6b26ef81e79dc1b6ead0,02/2020,895,NO,1,$74,02/2020,2020,No
700,3f0e2d01-27e7-4f8b-b027-6a47e76de5a3,3,Visa,Debit,d853b038bfe41038a88a69a5007cf79c,02/2020,858,YES,1,$52585,02/2020,2020,No
701,3f0e2d01-27e7-4f8b-b027-6a47e76de5a3,4,Visa,Credit,d0be2f8875f0331230e0cc78cac89f42,06/2023,871,NO,1,$16700,12/2008,2009,No
702,9db286c9-6232-43f9-9f86-64ad1a5fc4c0,0,Visa,Debit,5361e34d0696ecb10228f76588fea8e0,12/2023,523,YES,2,$32030,08/2004,2009,No
703,9db286c9-6232-43f9-9f86-64ad1a5fc4c0,1,Mastercard,Debit (Prepaid),ff4176c45a87f4c3ae7846bde0293956,11/2020,796,YES,2,$64,09/2019,2019,No
704,9db286c9-6232-43f9-9f86-64ad1a5fc4c0,2,Mastercard,Debit (Prepaid),98b957bc62ccbb40a924f2f836a2a0bf,06/2014,406,YES,1,$78,01/2006,2011,No
705,9db286c9-6232-43f9-9f86-64ad1a5fc4c0,3,Visa,Credit,fa13a272b8afbf2cd6990c85986cc3c6,11/2022,615,YES,1,$18500,04/2008,2012,No
706,9db286c9-6232-43f9-9f86-64ad1a5fc4c0,4,Mastercard,Debit,acd00ce64328ba873e53f9df38a0887a,09/2019,644,YES,2,$26357,10/2006,2013,No
707,9db286c9-6232-43f9-9f86-64ad1a5fc4c0,5,Mastercard,Debit,ce2d467d3dd79ce8bc40d26633f01fd8,12/2020,811,YES,1,$28864,10/2010,2013,No
708,9db286c9-6232-43f9-9f86-64ad1a5fc4c0,6,Mastercard,Debit,74282dfaeb536e24c3c31ccfff683888,07/2020,368,NO,2,$19651,02/2000,2013,No
709,9db286c9-6232-43f9-9f86-64ad1a5fc4c0,7,Mastercard,Debit,758ec982d869d447172e420cb6b9c04a,10/2021,514,NO,2,$52179,07/2003,2010,No
710,bbae2cda-9734-4a79-be62-a94a8c1e8cf1,0,Mastercard,Debit,ff6c8df0a122122a3f0a42a9bc8e7113,08/2022,013,YES,2,$47709,08/2014,2014,No
711,bbae2cda-9734-4a79-be62-a94a8c1e8cf1,1,Visa,Debit,091208058fc31209da88d1104516ae5b,03/2016,354,YES,2,$54128,09/2008,2011,No
712,bbae2cda-9734-4a79-be62-a94a8c1e8cf1,2,Visa,Debit,23d04cbe26a973039066d61cb4dda12f,08/2024,810,YES,2,$39389,08/2018,2018,No
713,bbae2cda-9734-4a79-be62-a94a8c1e8cf1,3,Visa,Credit,67aeb7098e469e4727ec27993dbe8f40,02/2020,304,YES,1,$29800,07/2008,2011,No
714,66559575-c999-435e-994a-fa1bc6eb6b89,0,Discover,Credit,c87cb7d0ad76b6660f9dc41aab04b9f2,01/2020,482,YES,1,$19100,01/2020,2020,No
715,66559575-c999-435e-994a-fa1bc6eb6b89,1,Visa,Debit,fb6bc91bca03639484dbad02fcccd800,07/2009,565,NO,2,$2819,05/2009,2009,No
716,66559575-c999-435e-994a-fa1bc6eb6b89,2,Visa,Credit,97e9e949983d61b303cd6ce1061ec882,01/2020,255,YES,1,$12100,01/2020,2020,No
717,66559575-c999-435e-994a-fa1bc6eb6b89,3,Mastercard,Credit,2cf3f4ee2757ff7b62ed8d772081d187,08/2021,152,YES,1,$18000,04/2010,2010,No
718,9c17f951-f624-4084-a592-98b3b50c82b1,0,Mastercard,Credit,55a3cf61cc103619a0c82f354b6cbff2,11/2019,164,YES,2,$8700,02/2007,2007,No
719,9c17f951-f624-4084-a592-98b3b50c82b1,1,Visa,Debit (Prepaid),7396451aa21866d43a3b5aa98f07e289,02/2020,251,YES,2,$30,05/2007,2008,No
720,9c17f951-f624-4084-a592-98b3b50c82b1,2,Mastercard,Debit,b90f931b0e7abed2cabf21b97f5d8e0b,08/2013,886,YES,2,$22248,03/2002,2015,No
721,d2711103-d16b-407a-87f0-a461d0dcdc06,0,Mastercard,Debit (Prepaid),2275866c6639bdff9025940a52225b7d,09/2007,783,YES,1,$69,03/2002,2012,No
722,d2711103-d16b-407a-87f0-a461d0dcdc06,1,Discover,Credit,adc9e294881b68aa25b1d15e027d8d09,08/2024,024,YES,1,$9600,07/2005,2012,No
723,d2711103-d16b-407a-87f0-a461d0dcdc06,2,Mastercard,Debit,65e57b3bf1ba83ed9fc51dc8333ffb9e,02/2022,270,YES,2,$4319,08/2005,2011,No
724,794315fb-25c8-4390-a43b-b43ba6aa8e6c,0,Visa,Debit,ca4a7a7f24d2cf8210884f5c411689b9,01/2020,922,YES,1,$24079,01/2020,2020,No
725,2c4e57b3-7314-48fc-8e33-3325fc13c990,0,Mastercard,Debit,8e46add0ea5a914f27e654d9cbf5045a,02/2020,101,YES,2,$10058,01/2020,2020,No
726,9b9ce53a-d20d-499c-a1a3-4e3eb9b56917,0,Visa,Debit,8fc35839b90c004f2eddd45620e046e7,07/2023,695,YES,2,$974,04/2018,2018,No
727,9b9ce53a-d20d-499c-a1a3-4e3eb9b56917,1,Mastercard,Debit,5a2d00685c3f52014a619800af5baf44,07/2020,255,YES,2,$1212,05/2011,2011,No
728,91c1a49f-ed8d-4b31-943f-d1300b2560b6,0,Visa,Credit,b408ae2bdcedfdf73e5f957088070123,02/2021,764,YES,1,$2700,04/2018,2018,No
729,91c1a49f-ed8d-4b31-943f-d1300b2560b6,1,Mastercard,Debit,66ea5a7738e51538e5de4977e37445f4,08/2022,387,YES,1,$16113,05/2010,2010,No
730,b4fa8930-c642-49ca-be86-7b031dd46067,0,Amex,Credit,e9a7323e8346acde2e40746c1d05627c,12/2019,884,YES,2,$13700,08/2019,2019,No
731,3314e0d1-ce54-4f22-a04e-31bb78492bda,0,Visa,Debit,2b23161cee63dbeec1dd0697eda77515,03/2024,932,NO,2,$19097,02/2005,2010,No
